시도,시군구,구역명칭,현 사업추진단계,사업유형,사업시행자,공급 예정 세대수
강원특별자치도,속초시,속초중앙동,6)관리처분인가,1)재개발(주택정비),1)조합,1449 
강원특별자치도,원주시,단구동14통,7)착공,1)재개발(주택정비),1)조합, 353 
강원특별자치도,원주시,원동다박골,7)착공,1)재개발(주택정비),1)조합,1502 
강원특별자치도,원주시,원동나래,6)관리처분인가,1)재개발(주택정비),1)조합, 998 
강원특별자치도,원주시,명륜동세경1차아파트,5)사업시행인가,4)재건축(단독주택),1)조합, 429 
강원특별자치도,원주시,단계주공아파트,6)관리처분인가,3)재건축(공동주택),1)조합,1560 
강원특별자치도,춘천시,약사촉진4,5)사업시행인가,1)재개발(주택정비),1)조합,1326 
강원특별자치도,춘천시,약사촉진6,2)정비구역지정,5)주거환경개선,"3)공공(지자체/시장,군수 등)",0 
강원특별자치도,춘천시,약사촉진8,2)정비구역지정,5)주거환경개선,"3)공공(지자체/시장,군수 등)",0 
강원특별자치도,춘천시,소양촉진1,2)정비구역지정,5)주거환경개선,"3)공공(지자체/시장,군수 등)",0 
강원특별자치도,춘천시,소양촉진2,7)착공,3)재건축(공동주택),1)조합,1039 
강원특별자치도,춘천시,소양촉진3,2)정비구역지정,5)주거환경개선,"3)공공(지자체/시장,군수 등)",0 
강원특별자치도,춘천시,소양촉진6,2)정비구역지정,5)주거환경개선,"3)공공(지자체/시장,군수 등)",0 
강원특별자치도,강릉시,옥포연립,4)조합설립인가,3)재건축(공동주택),1)조합,0 
강원특별자치도,원주시,원동주공아파트,5)사업시행인가,3)재건축(공동주택),1)조합,1240 
강원특별자치도,강릉시,포남주공1단지아파트,4)조합설립인가,4)재건축(단독주택),1)조합, 776 
강원특별자치도,원주시,동주·선아아파트,3)추진위구성,3)재건축(공동주택),1)조합, 340 
강원특별자치도,춘천시,효자2동,2)정비구역지정,1)재개발(주택정비),2)토지등소유자, 679 
경기도,수원영통구,영통3구역(원천주공),3)추진위구성,3)재건축(공동주택),1)조합,1333 
경기도,수원권선구,권선2구역(성일아파트),5)사업시행인가,3)재건축(공동주택),1)조합, 439 
경기도,수원권선구,권선1구역(동남아파트),6)관리처분인가,3)재건축(공동주택),1)조합, 440 
경기도,수원영통구,영통1구역,6)관리처분인가,1)재개발(주택정비),1)조합, 976 
경기도,수원장안구,111-3,6)관리처분인가,1)재개발(주택정비),1)조합, 556 
경기도,수원팔달구,115-12,6)관리처분인가,3)재건축(공동주택),1)조합,1305 
경기도,수원영통구,"영통2구역(매탄주공4,5단지)",6)관리처분인가,3)재건축(공동주택),1)조합,3642 
경기도,수원팔달구,팔달1구역(현대아파트),6)관리처분인가,3)재건축(공동주택),1)조합,1195 
경기도,수원권선구,113-6,7)착공,1)재개발(주택정비),1)조합,2178 
경기도,수원팔달구,115-10,7)착공,1)재개발(주택정비),1)조합,1154 
경기도,수원권선구,113-7구역(평동지구),7)착공,5)주거환경개선,"3)공공(지자체/시장,군수 등)",0 
경기도,수원팔달구,115-3,6)관리처분인가,1)재개발(주택정비),1)조합,1171 
경기도,고양덕양구,관산Ⅱ-1구역(새서울아파트),3)추진위구성,3)재건축(공동주택),1)조합,0 
경기도,고양덕양구,행신Ⅰ-1구역,4)조합설립인가,1)재개발(주택정비),1)조합, 663 
경기도,고양덕양구,고양Ⅰ-1구역,4)조합설립인가,1)재개발(주택정비),1)조합, 352 
경기도,고양덕양구,원당2,5)사업시행인가,1)재개발(주택정비),1)조합,1326 
경기도,고양덕양구,능곡5,6)관리처분인가,1)재개발(주택정비),1)조합,2560 
경기도,고양덕양구,능곡6,4)조합설립인가,2)재개발(도시정비),1)조합,2501 
경기도,고양덕양구,능곡2,6)관리처분인가,1)재개발(주택정비),1)조합,2933 
경기도,고양덕양구,행신Ⅱ-1구역,6)관리처분인가,3)재건축(공동주택),1)조합, 272 
경기도,고양일산서구,일산Ⅰ-2구역,4)조합설립인가,1)재개발(주택정비),1)조합, 308 
경기도,고양덕양구,고양Ⅰ-2구역,5)사업시행인가,1)재개발(주택정비),1)조합, 309 
경기도,고양덕양구,원당1,7)착공,1)재개발(주택정비),1)조합,2601 
경기도,고양덕양구,원당4,7)착공,1)재개발(주택정비),1)조합,1236 
경기도,고양덕양구,능곡2-1(능곡연합),7)착공,3)재건축(공동주택),1)조합, 834 
경기도,용인수지구,풍덕천1,7)착공,5)주거환경개선,"3)공공(지자체/시장,군수 등)", 해당없음 
경기도,용인처인구,모현1,4)조합설립인가,1)재개발(주택정비),1)조합, 623 
경기도,용인기흥구,신갈2,7)착공,5)주거환경개선,"3)공공(지자체/시장,군수 등)", 해당없음 
경기도,용인처인구,고림1,7)착공,5)주거환경개선,"3)공공(지자체/시장,군수 등)", 해당없음 
경기도,용인처인구,용인7,5)사업시행인가,1)재개발(주택정비),1)조합, 323 
경기도,용인처인구,이동2,5)사업시행인가,5)주거환경개선,"3)공공(지자체/시장,군수 등)", 해당없음 
경기도,성남수정구,신흥1,5)사업시행인가,1)재개발(주택정비),"4)공공(LH,SH,GH)",3754 
경기도,성남수정구,신흥3,17)사업시행자지정,1)재개발(주택정비),"4)공공(LH,SH,GH)",3395 
경기도,성남수정구,수진1,5)사업시행인가,1)재개발(주택정비),"4)공공(LH,SH,GH)",4844 
경기도,성남수정구,태평3,17)사업시행자지정,1)재개발(주택정비),"4)공공(LH,SH,GH)",2778 
경기도,성남중원구,상대원3,17)사업시행자지정,1)재개발(주택정비),"4)공공(LH,SH,GH)",8792 
경기도,성남중원구,도환중2,4)조합설립인가,2)재개발(도시정비),1)조합,1123 
경기도,성남중원구,성지궁전아파트,6)관리처분인가,3)재건축(공동주택),1)조합, 836 
경기도,성남중원구,은행주공아파트,6)관리처분인가,3)재건축(공동주택),1)조합,3198 
경기도,성남중원구,상대원2,6)관리처분인가,1)재개발(주택정비),1)조합,4885 
경기도,성남수정구,산성,7)착공,1)재개발(주택정비),1)조합,3487 
경기도,성남중원구,도환중1,7)착공,2)재개발(도시정비),1)조합,1972 
경기도,부천소사구,"괴안3-6,괴안3-7",3)추진위구성,3)재건축(공동주택),1)조합, 660 
경기도,부천원미구,심곡3-1,2)정비구역지정,1)재개발(주택정비),1)조합, 334 
경기도,부천원미구,소사3,6)관리처분인가,1)재개발(주택정비),1)조합,1649 
경기도,부천소사구,소사본1-1,6)관리처분인가,2)재개발(도시정비),1)조합,1728 
경기도,부천오정구,성곡2-1,5)사업시행인가,3)재건축(공동주택),1)조합, 335 
경기도,부천소사구,송내1-1,7)착공,3)재건축(공동주택),1)조합,1045 
경기도,부천소사구,괴안3D,7)착공,1)재개발(주택정비),1)조합, 759 
경기도,부천원미구,도당1-1,5)사업시행인가,1)재개발(주택정비),1)조합,2291 
경기도,부천원미구,소사1-1,5)사업시행인가,1)재개발(주택정비),1)조합, 748 
경기도,화성병점구,화산주택,5)사업시행인가,4)재건축(단독주택),1)조합, 350 
경기도,안산단원구,고잔연립3,5)사업시행인가,3)재건축(공동주택),1)조합,1030 
경기도,안산단원구,고잔연립4,3)추진위구성,3)재건축(공동주택),1)조합,1545 
경기도,안산단원구,고잔연립5,4)조합설립인가,3)재건축(공동주택),1)조합,1484 
경기도,안산단원구,고잔연립6,4)조합설립인가,3)재건축(공동주택),1)조합, 578 
경기도,안산단원구,고잔연립7,4)조합설립인가,4)재건축(단독주택),1)조합, 593 
경기도,안산단원구,선부연립1,5)사업시행인가,4)재건축(단독주택),1)조합, 989 
경기도,안산단원구,군자주공9,4)조합설립인가,3)재건축(공동주택),6)지정개발자, 774 
경기도,안산단원구,군자주공10,4)조합설립인가,3)재건축(공동주택),6)지정개발자,1080 
경기도,안산상록구,월드아파트,3)추진위구성,3)재건축(공동주택),1)조합,1352 
경기도,안산상록구,성포예술인,3)추진위구성,3)재건축(공동주택),1)조합,0 
경기도,안산상록구,주공4단지,3)추진위구성,3)재건축(공동주택),1)조합,0 
경기도,안산상록구,현대1차아파트,4)조합설립인가,3)재건축(공동주택),1)조합, 729 
경기도,안산단원구,고잔연립2,4)조합설립인가,3)재건축(공동주택),1)조합,1112 
경기도,안산단원구,중앙주공6단지,4)조합설립인가,3)재건축(공동주택),6)지정개발자,1060 
경기도,안산상록구,팔곡일동1,4)조합설립인가,4)재건축(단독주택),1)조합, 378 
경기도,안산단원구,중앙주공5단지1,6)관리처분인가,3)재건축(공동주택),1)조합, 902 
경기도,안산단원구,중앙주공5단지2,7)착공,3)재건축(공동주택),1)조합,1051 
경기도,안산단원구,고잔연립9,7)착공,3)재건축(공동주택),1)조합, 472 
경기도,안산상록구,인정프린스아파트,7)착공,3)재건축(공동주택),1)조합, 725 
경기도,남양주시,퇴계원1,2)정비구역지정,1)재개발(주택정비),1)조합, 540 
경기도,남양주시,퇴계원2,6)관리처분인가,1)재개발(주택정비),6)지정개발자, 405 
경기도,남양주시,퇴계원4,2)정비구역지정,1)재개발(주택정비),6)지정개발자, 556 
경기도,남양주시,지금도농6-1구역,2)정비구역지정,2)재개발(도시정비),2)토지등소유자, 112 
경기도,남양주시,금곡2(서울아파트),6)관리처분인가,3)재건축(공동주택),1)조합, 542 
경기도,남양주시,지금도농1-1,6)관리처분인가,1)재개발(주택정비),1)조합, 400 
경기도,남양주시,지금도농6-2,5)사업시행인가,2)재개발(도시정비),1)조합,1122 
경기도,남양주시,덕소4,5)사업시행인가,1)재개발(주택정비),1)조합, 551 
경기도,남양주시,덕소3,4)조합설립인가,1)재개발(주택정비),1)조합,2908 
경기도,남양주시,덕소5B,6)관리처분인가,1)재개발(주택정비),1)조합, 506 
경기도,남양주시,덕소2,7)착공,1)재개발(주택정비),1)조합, 999 
경기도,남양주시,덕소5A,6)관리처분인가,1)재개발(주택정비),1)조합, 990 
경기도,남양주시,도곡2,7)착공,1)재개발(주택정비),1)조합, 908 
경기도,남양주시,덕소6A,7)착공,1)재개발(주택정비),1)조합, 212 
경기도,남양주시,덕소7,7)착공,1)재개발(주택정비),1)조합, 295 
경기도,남양주시,평내1(진주아파트),7)착공,3)재건축(공동주택),1)조합,1843 
경기도,안양동안구,현대아파트,5)사업시행인가,3)재건축(공동주택),1)조합,1305 
경기도,안양동안구,미륭아파트,6)관리처분인가,3)재건축(공동주택),1)조합, 702 
경기도,안양만안구,박달신한아파트,7)착공,3)재건축(공동주택),1)조합, 507 
경기도,안양만안구,상록지구,7)착공,1)재개발(주택정비),1)조합,1713 
경기도,안양동안구,뉴타운맨션삼호아파트,7)착공,3)재건축(공동주택),1)조합,2737 
경기도,안양만안구,안양역세권지구,7)착공,2)재개발(도시정비),1)조합, 853 
경기도,안양동안구,호계온천주변지구,7)착공,1)재개발(주택정비),1)조합,1011 
경기도,안양만안구,화창지구,7)착공,1)재개발(주택정비),1)조합, 483 
경기도,안양동안구,비산초교주변지구,7)착공,1)재개발(주택정비),1)조합,2739 
경기도,안양만안구,냉천지구,7)착공,5)주거환경개선,5)공동(2개이상),2329 
경기도,안양동안구,덕현지구,7)착공,1)재개발(주택정비),1)조합,2886 
경기도,평택시,합정주공,7)착공,3)재건축(공동주택),1)조합,1918 
경기도,평택시,"송원,현대연립",6)관리처분인가,3)재건축(공동주택),1)조합, 259 
경기도,평택시,세교1구역,6)관리처분인가,1)재개발(주택정비),1)조합,1573 
경기도,시흥시,은행1,5)사업시행인가,1)재개발(주택정비),1)조합, 540 
경기도,시흥시,목감1,3)추진위구성,1)재개발(주택정비),1)조합,1794 
경기도,시흥시,포동1,2)정비구역지정,1)재개발(주택정비),1)조합,1795 
경기도,시흥시,거모3(일우아파트),5)사업시행인가,3)재건축(공동주택),1)조합, 607 
경기도,시흥시,대야3(시흥영남2차아파트),7)착공,3)재건축(공동주택),1)조합,1026 
경기도,파주시,파주1-3,4)조합설립인가,1)재개발(주택정비),1)조합,2593 
경기도,파주시,문산3리지구,6)관리처분인가,1)재개발(주택정비),1)조합, 940 
경기도,파주시,새말지구,6)관리처분인가,1)재개발(주택정비),1)조합,2583 
경기도,파주시,문산1-5,6)관리처분인가,1)재개발(주택정비),1)조합, 668 
경기도,파주시,금촌2동제2지구,7)착공,1)재개발(주택정비),1)조합,1055 
경기도,파주시,금촌율목지구,6)관리처분인가,1)재개발(주택정비),1)조합,1213 
경기도,의정부시,장암5구역,5)사업시행인가,1)재개발(주택정비),1)조합, 954 
경기도,의정부시,장암3구역,7)착공,1)재개발(주택정비),1)조합, 815 
경기도,의정부시,금오1구역,7)착공,1)재개발(주택정비),1)조합, 832 
경기도,의정부시,장암1구역,7)착공,1)재개발(주택정비),1)조합, 769 
경기도,김포시,북변3,7)착공,1)재개발(주택정비),1)조합,1200 
경기도,김포시,북변5,6)관리처분인가,2)재개발(도시정비),1)조합,2186 
경기도,김포시,북변4,7)착공,1)재개발(주택정비),1)조합,3058 
경기도,광명시,"철산주공10,11단지",7)착공,3)재건축(공동주택),1)조합,1490 
경기도,광명시,"철산주공8,9단지",7)착공,3)재건축(공동주택),1)조합,3804 
경기도,광명시,광명제12R,7)착공,1)재개발(주택정비),1)조합,2045 
경기도,광명시,광명제9R,7)착공,1)재개발(주택정비),1)조합,1509 
경기도,광명시,광명제11R,7)착공,1)재개발(주택정비),1)조합,4291 
경기도,광명시,광명제1R,7)착공,1)재개발(주택정비),1)조합,3585 
경기도,광명시,광명제5R,7)착공,1)재개발(주택정비),1)조합,2878 
경기도,군포시,군포10구역,6)관리처분인가,1)재개발(주택정비),1)조합,1031 
경기도,군포시,금정4구역,4)조합설립인가,1)재개발(주택정비),6)지정개발자, 940 
경기도,오산시,오산경일신안,6)관리처분인가,2)재개발(도시정비),2)토지등소유자, 321 
경기도,오산시,궐동,2)정비구역지정,1)재개발(주택정비),1)조합, 980 
경기도,이천시,이천관고동,6)관리처분인가,1)재개발(주택정비),1)조합, 616 
경기도,구리시,딸기원2지구,7)착공,1)재개발(주택정비),1)조합,1096 
경기도,구리시,수택E,7)착공,1)재개발(주택정비),1)조합,3050 
경기도,의왕시,부곡다구역(우성5차아파트),5)사업시행인가,3)재건축(공동주택),1)조합,1511 
경기도,의왕시,오전라구역,4)조합설립인가,2)재개발(도시정비),1)조합, 477 
경기도,의왕시,고천나구역,7)착공,1)재개발(주택정비),1)조합,1912 
경기도,의왕시,고천가구역,6)관리처분인가,2)재개발(도시정비),1)조합, 929 
경기도,의왕시,오전다구역,6)관리처분인가,1)재개발(주택정비),1)조합,3209 
경기도,의왕시,부곡가구역,6)관리처분인가,1)재개발(주택정비),1)조합,1719 
경기도,의왕시,내손라구역,7)착공,1)재개발(주택정비),1)조합,2180 
경기도,의왕시,내손다구역,7)착공,1)재개발(주택정비),1)조합,2633 
경기도,의왕시,오전나구역,7)착공,1)재개발(주택정비),1)조합, 733 
경기도,동두천시,중앙,2)정비구역지정,5)주거환경개선,"3)공공(지자체/시장,군수 등)",0 
경기도,동두천시,생연동국민주택,5)사업시행인가,3)재건축(공동주택),1)조합, 217 
경기도,과천시,"주공8,9단지구역",6)관리처분인가,3)재건축(공동주택),1)조합,2829 
경기도,과천시,주공10단지구역,4)조합설립인가,3)재건축(공동주택),1)조합,1339 
경기도,과천시,주암장군마을,7)착공,1)재개발(주택정비),1)조합, 880 
경기도,과천시,주공4단지구역,7)착공,3)재건축(공동주택),1)조합,1445 
경기도,용인처인구,처인1(공신연립주택),2)정비구역지정,3)재건축(공동주택),1)조합, 153 
경기도,용인기흥구,기흥1(구갈한성1차),3)추진위구성,3)재건축(공동주택),1)조합, 783 
경기도,용인기흥구,기흥2(구갈한성2차),3)추진위구성,3)재건축(공동주택),1)조합, 578 
경기도,용인기흥구,기흥3(풍림),3)추진위구성,3)재건축(공동주택),1)조합,0 
경기도,용인수지구,수지1(수지삼성4차),3)추진위구성,3)재건축(공동주택),1)조합, 해당없음 
경기도,용인수지구,수지2(수지한성),4)조합설립인가,3)재건축(공동주택),6)지정개발자, 851 
경기도,용인수지구,수지3(수지삼성2차),4)조합설립인가,3)재건축(공동주택),1)조합, 446 
경기도,남양주시,퇴계원7,3)추진위구성,1)재개발(주택정비),1)조합, 310 
경기도,남양주시,금곡7,2)정비구역지정,1)재개발(주택정비),1)조합, 346 
경기도,안양만안구,향림아파트,6)관리처분인가,3)재건축(공동주택),1)조합, 271 
경기도,안양만안구,석수럭키아파트,3)추진위구성,3)재건축(공동주택),1)조합, 810 
경기도,안양만안구,진흥5차아파트,3)추진위구성,3)재건축(공동주택),1)조합, 462 
경기도,안양만안구,벽산아파트,2)정비구역지정,3)재건축(공동주택),1)조합, 320 
경기도,안양동안구,호계럭키아파트,3)추진위구성,3)재건축(공동주택),1)조합, 985 
경기도,안양만안구,충훈부일원,17)사업시행자지정,1)재개발(주택정비),"4)공공(LH,SH,GH)",2567 
경기도,안양동안구,종합운동장북측일원,4)조합설립인가,1)재개발(주택정비),2)토지등소유자,1105 
경기도,안양동안구,종합운동장동측일원,4)조합설립인가,1)재개발(주택정비),1)조합,1662 
경기도,평택시,평택1,4)조합설립인가,1)재개발(주택정비),1)조합,1757 
경기도,평택시,서정3(송탄서정주공3단지아파트),3)추진위구성,3)재건축(공동주택),1)조합,0 
경기도,시흥시,은행동산호,2)정비구역지정,1)재개발(주택정비),1)조합, 378 
경기도,시흥시,목감2,4)조합설립인가,1)재개발(주택정비),1)조합, 990 
경기도,수원장안구,파장1구역(삼익아파트),4)조합설립인가,3)재건축(공동주택),1)조합,0 
경기도,수원팔달구,"우만1구역(우만주공1,2단지)",2)정비구역지정,3)재건축(공동주택),1)조합, 해당없음 
경기도,수원영통구,망포1구역(청와아파트),2)정비구역지정,3)재건축(공동주택),1)조합, 366 
경기도,화성효행구,매송02,3)추진위구성,1)재개발(주택정비),1)조합,1390 
경기도,화성효행구,매송03,3)추진위구성,1)재개발(주택정비),1)조합,0 
경기도,군포시,금정역역세권,4)조합설립인가,1)재개발(주택정비),6)지정개발자,1441 
경기도,군포시,산본1동1지구,4)조합설립인가,1)재개발(주택정비),6)지정개발자,1765 
경기도,군포시,산본1동2지구,4)조합설립인가,1)재개발(주택정비),6)지정개발자, 954 
경기도,수원권선구,구운1(구운삼환아파트),4)조합설립인가,3)재건축(공동주택),1)조합,1727 
경기도,광명시,철산주공12단지,3)추진위구성,3)재건축(공동주택),1)조합,2718 
경기도,광명시,철산주공13단지,3)추진위구성,3)재건축(공동주택),1)조합,3719 
경기도,안산상록구,월피연립1,2)정비구역지정,3)재건축(공동주택),1)조합,0 
경기도,안산상록구,성포연립1,3)추진위구성,3)재건축(공동주택),1)조합,0 
경기도,안산단원구,"군자주공11,12",3)추진위구성,3)재건축(공동주택),1)조합,3503 
경기도,안산상록구,선경성포,3)추진위구성,3)재건축(공동주택),1)조합,0 
경기도,안산상록구,한양상록수,3)추진위구성,3)재건축(공동주택),1)조합,0 
경기도,구리시,수택동,4)조합설립인가,1)재개발(주택정비),1)조합,6221 
경기도,의정부시,의정부역2,4)조합설립인가,1)재개발(주택정비),1)조합, 327 
경기도,군포시,군포1구역,4)조합설립인가,1)재개발(주택정비),6)지정개발자, 932 
경기도,군포시,군포3구역,4)조합설립인가,1)재개발(주택정비),6)지정개발자, 557 
경기도,군포시,금정3구역,4)조합설립인가,1)재개발(주택정비),6)지정개발자, 700 
경기도,군포시,금정2구역,4)조합설립인가,1)재개발(주택정비),6)지정개발자,1092 
경기도,군포시,군포2구역,2)정비구역지정,1)재개발(주택정비),2)토지등소유자,2017 
경기도,군포시,GTX금정역역세권1구역,4)조합설립인가,1)재개발(주택정비),2)토지등소유자, 981 
경기도,군포시,산본1동3구역,2)정비구역지정,1)재개발(주택정비),2)토지등소유자, 605 
경기도,군포시,금정역남측구역,2)정비구역지정,1)재개발(주택정비),2)토지등소유자, 880 
경기도,군포시,금정역세권1구역,4)조합설립인가,1)재개발(주택정비),6)지정개발자,1150 
경기도,의정부시,장암6,4)조합설립인가,1)재개발(주택정비),1)조합, 392 
경기도,과천시,과천주공5단지,6)관리처분인가,3)재건축(공동주택),1)조합,1242 
경기도,부천소사구,심곡본동제1구역,3)추진위구성,1)재개발(주택정비),1)조합, 412 
경기도,의정부시,호원2구역,4)조합설립인가,1)재개발(주택정비),1)조합, 600 
경기도,하남시,하남시청역일원,3)추진위구성,1)재개발(주택정비),1)조합,2036 
경기도,의정부시,가능중앙구역,3)추진위구성,1)재개발(주택정비),2)토지등소유자,1701 
경기도,의정부시,가능6구역,4)조합설립인가,1)재개발(주택정비),2)토지등소유자, 900 
경기도,의정부시,장암2구역,3)추진위구성,1)재개발(주택정비),1)조합,2319 
경기도,의정부시,가재울구역,4)조합설립인가,1)재개발(주택정비),2)토지등소유자, 698 
경기도,의정부시,가능4구역,4)조합설립인가,1)재개발(주택정비),2)토지등소유자,1368 
경기도,의정부시,가능3구역,4)조합설립인가,1)재개발(주택정비),2)토지등소유자,1600 
경기도,의정부시,가능8구역,3)추진위구성,1)재개발(주택정비),2)토지등소유자,1213 
경기도,광명시,하안주공5단지,2)정비구역지정,3)재건축(공동주택),6)지정개발자,2810 
경기도,의정부시,의정부9구역,4)조합설립인가,1)재개발(주택정비),1)조합,1850 
경기도,의정부시,중앙1구역,3)추진위구성,1)재개발(주택정비),1)조합,1293 
경기도,의정부시,가능11구역,2)정비구역지정,1)재개발(주택정비),6)지정개발자, 310 
경기도,광명시,"하안주공3,4단지",2)정비구역지정,3)재건축(공동주택),6)지정개발자,4119 
경기도,광명시,광명7구역,17)사업시행자지정,1)재개발(주택정비),"4)공공(LH,SH,GH)",3010 
경기도,남양주시,지금도농3구역,4)조합설립인가,1)재개발(주택정비),1)조합, 796 
경기도,광명시,"하안주공6,7단지",2)정비구역지정,3)재건축(공동주택),6)지정개발자,3263 
경기도,광명시,하안주공8단지,3)추진위구성,3)재건축(공동주택),1)조합,0 
경기도,광명시,하안주공9단지,2)정비구역지정,3)재건축(공동주택),6)지정개발자,2198 
경기도,광명시,하안주공10·11단지,2)정비구역지정,3)재건축(공동주택),6)지정개발자,4004 
경기도,광명시,하안주공12단지,2)정비구역지정,3)재건축(공동주택),6)지정개발자,3407 
경기도,광명시,하안주공1·2단지,3)추진위구성,3)재건축(공동주택),1)조합,3407 
경기도,군포시,군포산본9-2,2)정비구역지정,3)재건축(공동주택),"4)공공(LH,SH,GH)",3376 
경기도,군포시,군포산본11,17)사업시행자지정,3)재건축(공동주택),"4)공공(LH,SH,GH)",3892 
경기도,안양만안구,안양9동행정복지센터주변,3)추진위구성,1)재개발(주택정비),1)조합,0 
경기도,안양동안구,인덕원중학교주변(B블럭),3)추진위구성,1)재개발(주택정비),1)조합,0 
경기도,안양만안구,뉴골든아파트,3)추진위구성,3)재건축(공동주택),1)조합,0 
경기도,안양만안구,금호타운아파트,3)추진위구성,3)재건축(공동주택),1)조합,0 
경기도,안양만안구,무림아파트,3)추진위구성,3)재건축(공동주택),1)조합,0 
경기도,안양동안구,수촌마을(A블럭)재개발사업,3)추진위구성,1)재개발(주택정비),1)조합,0 
경기도,안양만안구,만안도서관주변,3)추진위구성,1)재개발(주택정비),1)조합,0 
경기도,안양만안구,만안초등학교주변,3)추진위구성,1)재개발(주택정비),1)조합,0 
경기도,안양동안구,중촌마을,3)추진위구성,1)재개발(주택정비),1)조합,0 
경기도,안양만안구,우주타운주변,3)추진위구성,1)재개발(주택정비),1)조합,0 
경기도,안양만안구,삼봉지구,3)추진위구성,1)재개발(주택정비),1)조합,0 
경기도,안양동안구,수촌마을(B블럭)재개발사업,3)추진위구성,1)재개발(주택정비),1)조합,1586 
경기도,안양만안구,박달신안아파트,3)추진위구성,3)재건축(공동주택),1)조합,0 
경기도,안양동안구,부림마을,3)추진위구성,2)재개발(도시정비),2)토지등소유자,0 
경기도,안양동안구,관양초등학교주변,3)추진위구성,2)재개발(도시정비),2)토지등소유자,0 
경기도,안양동안구,평촌신도시A-18특별정비,2)정비구역지정,3)재건축(공동주택),6)지정개발자,2395 
경기도,안양동안구,평촌신도시A-17특별정비,2)정비구역지정,3)재건축(공동주택),6)지정개발자,2875 
경기도,오산시,오산원동주공아파트재건축정비구역,3)추진위구성,3)재건축(공동주택),1)조합, 485 
경상남도,거제시,고현주공,6)관리처분인가,3)재건축(공동주택),1)조합, 952 
경상남도,김해시,외동주공아파트,7)착공,3)재건축(공동주택),1)조합,1135 
경상남도,양산시,근로자복지(그린피아)아파트,7)착공,3)재건축(공동주택),1)조합, 453 
경상남도,진주시,이현1-5,6)관리처분인가,3)재건축(공동주택),1)조합,1032 
경상남도,진주시,상봉3,4)조합설립인가,3)재건축(공동주택),1)조합, 676 
경상남도,창원마산합포구,문화구역,5)사업시행인가,1)재개발(주택정비),1)조합,1650 
경상남도,창원마산합포구,반월지구,5)사업시행인가,1)재개발(주택정비),1)조합,1821 
경상남도,창원마산합포구,상남·산호지구,5)사업시행인가,1)재개발(주택정비),1)조합,3167 
경상남도,창원마산합포구,해바라기아파트,6)관리처분인가,3)재건축(공동주택),1)조합, 154 
경상남도,창원마산회원구,봉암연립,3)추진위구성,3)재건축(공동주택),1)조합, 539 
경상남도,창원마산합포구,자산,6)관리처분인가,1)재개발(주택정비),1)조합,1250 
경상남도,창원마산회원구,양덕3,6)관리처분인가,1)재개발(주택정비),1)조합, 487 
경상남도,창원마산회원구,회원2,6)관리처분인가,1)재개발(주택정비),1)조합,2016 
경상남도,창원마산합포구,신포삼익,3)추진위구성,3)재건축(공동주택),1)조합,0 
경상남도,창원성산구,반지1,4)조합설립인가,3)재건축(공동주택),1)조합, 502 
경상남도,창원성산구,사파1,3)추진위구성,3)재건축(공동주택),1)조합,2960 
경상남도,창원성산구,가음2,2)정비구역지정,3)재건축(공동주택),1)조합, 462 
경상남도,창원성산구,가음3,2)정비구역지정,3)재건축(공동주택),1)조합, 484 
경상남도,창원성산구,상남1(상남동대우아파트),5)사업시행인가,3)재건축(공동주택),1)조합, 816 
경상남도,창원성산구,가음1,4)조합설립인가,3)재건축(공동주택),1)조합, 458 
경상남도,창원성산구,가음4,7)착공,3)재건축(공동주택),1)조합, 570 
경상남도,창원성산구,내2,6)관리처분인가,3)재건축(공동주택),1)조합,1162 
경상남도,창원성산구,신촌2,7)착공,3)재건축(공동주택),1)조합, 258 
경상남도,창원성산구,용호1(롯데아파트),2)정비구역지정,3)재건축(공동주택),1)조합,1245 
경상남도,창원성산구,용호2(일동아파트),3)추진위구성,3)재건축(공동주택),1)조합, 812 
경상남도,창원성산구,용호3(무학아파트),3)추진위구성,3)재건축(공동주택),1)조합,1048 
경상남도,창원성산구,신월1(은아아파트),4)조합설립인가,3)재건축(공동주택),1)조합,1810 
경상남도,창원성산구,신월2,7)착공,3)재건축(공동주택),1)조합,1509 
경상남도,창원성산구,신월3,6)관리처분인가,4)재건축(단독주택),1)조합, 750 
경상남도,창원진해구,대야,7)착공,1)재개발(주택정비),1)조합,2638 
경상남도,창원진해구,경화,6)관리처분인가,1)재개발(주택정비),1)조합,1415 
경상남도,진주시,하대6구역,4)조합설립인가,3)재건축(공동주택),1)조합, 540 
경상남도,진주시,하대7구역,4)조합설립인가,3)재건축(공동주택),1)조합, 582 
경상남도,김해시,삼방지구,3)추진위구성,3)재건축(공동주택),1)조합, 308 
경상남도,김해시,삼방동동성아파트,4)조합설립인가,3)재건축(공동주택),6)지정개발자, 817 
경상남도,양산시,"범어주공2,3차",2)정비구역지정,3)재건축(공동주택),1)조합,1187 
경상북도,경주시,경주황성주공1차,4)조합설립인가,3)재건축(공동주택),1)조합, 795 
경상북도,구미시,구미송림아파트,6)관리처분인가,3)재건축(공동주택),1)조합, 256 
경상북도,구미시,구미원평구역(원평3),5)사업시행인가,2)재개발(도시정비),1)조합, 737 
경상북도,구미시,구미시원평2동,6)관리처분인가,1)재개발(주택정비),1)조합,2200 
경상북도,구미시,형곡3주공아파트,7)착공,3)재건축(공동주택),1)조합, 770 
경상북도,포항북구,용흥4,5)사업시행인가,1)재개발(주택정비),1)조합, 870 
경상북도,포항북구,장성동,6)관리처분인가,1)재개발(주택정비),1)조합,2433 
경상북도,포항북구,학산1구역,6)관리처분인가,4)재건축(단독주택),1)조합, 334 
경상북도,포항북구,학잠1구역,6)관리처분인가,1)재개발(주택정비),1)조합, 625 
경상북도,구미시,형곡4주공아파트,4)조합설립인가,3)재건축(공동주택),1)조합, 715 
경상북도,안동시,송현1주공아파트,6)관리처분인가,3)재건축(공동주택),1)조합, 681 
경상북도,김천시,부곡주공1차,4)조합설립인가,3)재건축(공동주택),1)조합, 432 
경상북도,포항북구,옥성2리,2)정비구역지정,5)주거환경개선,"3)공공(지자체/시장,군수 등)",0 
경상북도,포항북구,흥해향교,2)정비구역지정,5)주거환경개선,"3)공공(지자체/시장,군수 등)",0 
경상북도,경주시,안강경림소망,3)추진위구성,1)재개발(주택정비),1)조합, 530 
경상북도,경주시,성건동,4)조합설립인가,1)재개발(주택정비),1)조합, 864 
경상북도,경주시,동천동,4)조합설립인가,1)재개발(주택정비),1)조합, 645 
경상북도,구미시,원평4,3)추진위구성,1)재개발(주택정비),1)조합, 860 
경상북도,구미시,도량동,3)추진위구성,1)재개발(주택정비),1)조합, 713 
경상북도,포항북구,대신1,2)정비구역지정,1)재개발(주택정비),1)조합, 921 
경상북도,포항북구,용흥5구역재개발사업,2)정비구역지정,1)재개발(주택정비),1)조합, 844 
경상북도,포항북구,죽도4구역재개발사업,2)정비구역지정,1)재개발(주택정비),1)조합,0 
경상북도,포항북구,죽도5구역재개발사업,2)정비구역지정,1)재개발(주택정비),1)조합,0 
광주광역시,광산구,서동,7)착공,5)주거환경개선,"3)공공(지자체/시장,군수 등)", 해당없음 
광주광역시,광산구,도산7통,7)착공,5)주거환경개선,"3)공공(지자체/시장,군수 등)", 해당없음 
광주광역시,광산구,용보촌,7)착공,5)주거환경개선,"3)공공(지자체/시장,군수 등)", 해당없음 
광주광역시,광산구,신가동,6)관리처분인가,1)재개발(주택정비),1)조합,4718 
광주광역시,남구,방림삼일,4)조합설립인가,3)재건축(공동주택),1)조합, 549 
광주광역시,남구,백운1동1,2)정비구역지정,5)주거환경개선,"3)공공(지자체/시장,군수 등)",0 
광주광역시,남구,서동1,4)조합설립인가,2)재개발(도시정비),1)조합, 637 
광주광역시,남구,월산신우,3)추진위구성,3)재건축(공동주택),1)조합, 472 
광주광역시,동구,계림3,5)사업시행인가,2)재개발(도시정비),1)조합,1376 
광주광역시,동구,계림4,7)착공,1)재개발(주택정비),1)조합, 815 
광주광역시,동구,계림1,5)사업시행인가,2)재개발(도시정비),1)조합, 999 
광주광역시,동구,산수3,5)사업시행인가,1)재개발(주택정비),1)조합, 685 
광주광역시,동구,지산1,5)사업시행인가,1)재개발(주택정비),1)조합, 473 
광주광역시,동구,학동4,7)착공,1)재개발(주택정비),1)조합,2299 
광주광역시,북구,누문,6)관리처분인가,2)재개발(도시정비),1)조합,2850 
광주광역시,서구,광천동,6)관리처분인가,1)재개발(주택정비),1)조합,5611 
광주광역시,서구,농성,7)착공,5)주거환경개선,"3)공공(지자체/시장,군수 등)",0 
광주광역시,서구,덕흥,7)착공,5)주거환경개선,"3)공공(지자체/시장,군수 등)",0 
광주광역시,서구,서창,2)정비구역지정,5)주거환경개선,"3)공공(지자체/시장,군수 등)",0 
광주광역시,서구,상무2동,7)착공,5)주거환경개선,"3)공공(지자체/시장,군수 등)",0 
광주광역시,서구,양동3,6)관리처분인가,1)재개발(주택정비),1)조합,1218 
광주광역시,서구,유촌,7)착공,5)주거환경개선,"3)공공(지자체/시장,군수 등)",0 
광주광역시,서구,화정1동2,2)정비구역지정,5)주거환경개선,"3)공공(지자체/시장,군수 등)",0 
광주광역시,북구,북동,3)추진위구성,2)재개발(도시정비),1)조합,2679 
광주광역시,북구,우산,7)착공,1)재개발(주택정비),1)조합,2564 
광주광역시,북구,풍향,4)조합설립인가,1)재개발(주택정비),1)조합,2819 
광주광역시,광산구,동·서작,17)사업시행자지정,1)재개발(주택정비),"4)공공(LH,SH,GH)",1341 
광주광역시,광산구,운남,4)조합설립인가,1)재개발(주택정비),1)조합, 839 
광주광역시,동구,학운2,7)착공,5)주거환경개선,"3)공공(지자체/시장,군수 등)", 해당없음 
광주광역시,서구,우성아파트,3)추진위구성,4)재건축(단독주택),1)조합, 324 
광주광역시,동구,산수2,3)추진위구성,1)재개발(주택정비),1)조합,1728 
광주광역시,서구,양동삼익맨션,2)정비구역지정,3)재건축(공동주택),1)조합, 476 
대구광역시,남구,대명1동앵두주택,4)조합설립인가,4)재건축(단독주택),1)조합,1308 
대구광역시,남구,명덕지구,7)착공,1)재개발(주택정비),1)조합,1758 
대구광역시,남구,대명3지구,3)추진위구성,4)재건축(단독주택),1)조합, 560 
대구광역시,남구,대명3동뉴타운,7)착공,1)재개발(주택정비),1)조합,2023 
대구광역시,남구,대명4동,4)조합설립인가,1)재개발(주택정비),1)조합,3051 
대구광역시,남구,앞산점보,5)사업시행인가,1)재개발(주택정비),1)조합,1713 
대구광역시,남구,대명6동44,5)사업시행인가,4)재건축(단독주택),1)조합, 826 
대구광역시,남구,대명8지구,5)사업시행인가,5)주거환경개선,"3)공공(지자체/시장,군수 등)",0 
대구광역시,남구,대명3지구,5)사업시행인가,5)주거환경개선,"3)공공(지자체/시장,군수 등)",0 
대구광역시,남구,대명3-1지구,5)사업시행인가,5)주거환경개선,"3)공공(지자체/시장,군수 등)",0 
대구광역시,남구,봉덕1동,4)조합설립인가,1)재개발(주택정비),1)조합,1091 
대구광역시,남구,봉덕대덕지구,5)사업시행인가,1)재개발(주택정비),1)조합, 800 
대구광역시,남구,남봉덕,4)조합설립인가,4)재건축(단독주택),1)조합, 843 
대구광역시,남구,봉덕1동,4)조합설립인가,1)재개발(주택정비),2)토지등소유자, 621 
대구광역시,남구,서봉덕,6)관리처분인가,1)재개발(주택정비),1)조합, 538 
대구광역시,남구,앞산보성,4)조합설립인가,3)재건축(공동주택),1)조합, 433 
대구광역시,남구,봉덕2지구,5)사업시행인가,5)주거환경개선,"3)공공(지자체/시장,군수 등)",0 
대구광역시,남구,봉덕3지구,5)사업시행인가,5)주거환경개선,"3)공공(지자체/시장,군수 등)",0 
대구광역시,남구,이천2-4지구,5)사업시행인가,5)주거환경개선,"3)공공(지자체/시장,군수 등)",0 
대구광역시,달성군,한우,2)정비구역지정,3)재건축(공동주택),1)조합, 384 
대구광역시,동구,불로공항,3)추진위구성,1)재개발(주택정비),2)토지등소유자,0 
대구광역시,동구,불로강변,3)추진위구성,1)재개발(주택정비),2)토지등소유자,0 
대구광역시,동구,신암10촉진,5)사업시행인가,4)재건축(단독주택),1)조합, 824 
대구광역시,동구,신암1촉진,6)관리처분인가,1)재개발(주택정비),1)조합,1542 
대구광역시,동구,신암4촉진,4)조합설립인가,1)재개발(주택정비),2)토지등소유자,1121 
대구광역시,동구,신암9촉진,5)사업시행인가,1)재개발(주택정비),1)조합,1210 
대구광역시,동구,신암1,5)사업시행인가,5)주거환경개선,"3)공공(지자체/시장,군수 등)",0 
대구광역시,동구,신암4,5)사업시행인가,5)주거환경개선,2)토지등소유자,0 
대구광역시,동구,신암5,5)사업시행인가,5)주거환경개선,"3)공공(지자체/시장,군수 등)",0 
대구광역시,동구,신암5-1,5)사업시행인가,5)주거환경개선,"3)공공(지자체/시장,군수 등)",0 
대구광역시,동구,신암5-2,5)사업시행인가,5)주거환경개선,"3)공공(지자체/시장,군수 등)",0 
대구광역시,동구,동구43,4)조합설립인가,1)재개발(주택정비),2)토지등소유자,1857 
대구광역시,동구,동구46,4)조합설립인가,1)재개발(주택정비),2)토지등소유자, 473 
대구광역시,동구,신천3,5)사업시행인가,5)주거환경개선,"3)공공(지자체/시장,군수 등)",0 
대구광역시,동구,효목1동6구역,5)사업시행인가,4)재건축(단독주택),1)조합,1338 
대구광역시,동구,효목1동7구역,5)사업시행인가,4)재건축(단독주택),1)조합,1947 
대구광역시,북구,노원2동,7)착공,1)재개발(주택정비),1)조합,1542 
대구광역시,북구,대현2동강변,6)관리처분인가,4)재건축(단독주택),1)조합,1106 
대구광역시,북구,복현,7)착공,5)주거환경개선,"4)공공(LH,SH,GH)", 278 
대구광역시,북구,칠성24지구,5)사업시행인가,4)재건축(단독주택),1)조합, 698 
대구광역시,북구,칠성새동네,4)조합설립인가,1)재개발(주택정비),1)조합, 해당없음 
대구광역시,북구,팔달동,6)관리처분인가,3)재건축(공동주택),1)조합, 724 
대구광역시,북구,팔달,3)추진위구성,3)재건축(공동주택),1)조합,0 
대구광역시,서구,서구25,4)조합설립인가,1)재개발(주택정비),2)토지등소유자, 710 
대구광역시,서구,원대동2가,4)조합설립인가,1)재개발(주택정비),2)토지등소유자, 834 
대구광역시,서구,서대구지구,5)사업시행인가,1)재개발(주택정비),1)조합,2865 
대구광역시,서구,평리1촉진,5)사업시행인가,1)재개발(주택정비),1)조합, 780 
대구광역시,서구,평리2촉진(舊평리6-1지구),5)사업시행인가,1)재개발(주택정비),1)조합,1037 
대구광역시,서구,평리4촉진(舊평리동광명아파트),6)관리처분인가,1)재개발(주택정비),1)조합,1151 
대구광역시,서구,내당시영아파트,5)사업시행인가,3)재건축(공동주택),6)지정개발자, 689 
대구광역시,서구,내당내서,6)관리처분인가,4)재건축(단독주택),1)조합, 362 
대구광역시,서구,내당동,6)관리처분인가,4)재건축(단독주택),1)조합, 380 
대구광역시,수성구,만촌3동(수성32구역),6)관리처분인가,1)재개발(주택정비),1)조합, 864 
대구광역시,수성구,수성구28(을지맨션),5)사업시행인가,3)재건축(공동주택),1)조합, 234 
대구광역시,수성구,수성구29(범어목련),5)사업시행인가,3)재건축(공동주택),1)조합, 279 
대구광역시,수성구,경남타운,4)조합설립인가,3)재건축(공동주택),1)조합, 409 
대구광역시,수성구,중동희망지구(수성구19),6)관리처분인가,4)재건축(단독주택),1)조합, 908 
대구광역시,수성구,수성구38(대자연2차),4)조합설립인가,3)재건축(공동주택),1)조합, 651 
대구광역시,수성구,수성지구2차우방타운,5)사업시행인가,3)재건축(공동주택),1)조합, 642 
대구광역시,중구,명륜,4)조합설립인가,1)재개발(주택정비),2)토지등소유자,1086 
대구광역시,중구,남산3-1,5)사업시행인가,5)주거환경개선,"3)공공(지자체/시장,군수 등)",0 
대구광역시,중구,대봉1-2,6)관리처분인가,4)재건축(단독주택),1)조합, 732 
대구광역시,중구,서문,5)사업시행인가,1)재개발(주택정비),1)조합, 818 
대구광역시,중구,대신1,5)사업시행인가,5)주거환경개선,2)토지등소유자,0 
대구광역시,중구,동인4가7통,4)조합설립인가,1)재개발(주택정비),1)조합, 376 
대구광역시,중구,동인3가,6)관리처분인가,1)재개발(주택정비),1)조합,1383 
대구광역시,중구,중구70,4)조합설립인가,1)재개발(주택정비),1)조합, 433 
대구광역시,중구,서성,3)추진위구성,1)재개발(주택정비),2)토지등소유자,1788 
대구광역시,달서구,반고개(달서구4),4)조합설립인가,1)재개발(주택정비),1)조합,1254 
대구광역시,달서구,두류1,5)사업시행인가,5)주거환경개선,"3)공공(지자체/시장,군수 등)",0 
대구광역시,달서구,달자01지구(달서구6),5)사업시행인가,4)재건축(단독주택),1)조합, 603 
대구광역시,달서구,본리지구(달서구8),3)추진위구성,1)재개발(주택정비),2)토지등소유자,0 
대구광역시,달서구,본리덕인(달서구17),3)추진위구성,3)재건축(공동주택),1)조합, 717 
대구광역시,달서구,성당우방(9),5)사업시행인가,3)재건축(공동주택),1)조합, 567 
대구광역시,달서구,달서구28(고려낙원),3)추진위구성,3)재건축(공동주택),1)조합, 490 
대구광역시,달서구,"달서구29(청자,우방)",3)추진위구성,3)재건축(공동주택),1)조합, 544 
대구광역시,달서구,송현주공3단지,7)착공,3)재건축(공동주택),1)조합,1498 
대구광역시,달서구,"남도,라일락,성남,황실(9)",5)사업시행인가,3)재건축(공동주택),1)조합, 716 
대구광역시,달서구,달서구32(송현월성),3)추진위구성,3)재건축(공동주택),1)조합, 403 
대구광역시,달서구,송현1,5)사업시행인가,5)주거환경개선,"3)공공(지자체/시장,군수 등)",0 
대구광역시,달서구,"월송,상록(24)",3)추진위구성,3)재건축(공동주택),1)조합,0 
대구광역시,서구,중리지구,5)사업시행인가,3)재건축(공동주택),1)조합,1484 
대구광역시,수성구,수성구47(궁전맨션),4)조합설립인가,3)재건축(공동주택),1)조합, 620 
대구광역시,서구,내당1,2)정비구역지정,5)주거환경개선,1)조합,0 
대구광역시,서구,내당3,2)정비구역지정,5)주거환경개선,1)조합,0 
대구광역시,서구,내당2,2)정비구역지정,5)주거환경개선,1)조합,0 
대구광역시,서구,비산2,2)정비구역지정,5)주거환경개선,1)조합,0 
대구광역시,서구,비산3,2)정비구역지정,5)주거환경개선,1)조합,0 
대구광역시,서구,비산7,2)정비구역지정,5)주거환경개선,1)조합,0 
대구광역시,서구,비산4,2)정비구역지정,5)주거환경개선,1)조합,0 
대구광역시,서구,비산6,2)정비구역지정,5)주거환경개선,1)조합,0 
대구광역시,서구,비산1,2)정비구역지정,5)주거환경개선,1)조합,0 
대구광역시,서구,평리1,2)정비구역지정,5)주거환경개선,1)조합,0 
대구광역시,서구,평리2,2)정비구역지정,5)주거환경개선,1)조합,0 
대구광역시,서구,원대1,2)정비구역지정,5)주거환경개선,1)조합,0 
대구광역시,서구,원대2,2)정비구역지정,5)주거환경개선,1)조합,0 
대구광역시,서구,내당아파트지구1주구,2)정비구역지정,3)재건축(공동주택),1)조합, 해당없음 
대구광역시,서구,내당아파트지구3주구,4)조합설립인가,3)재건축(공동주택),6)지정개발자,2900 
대구광역시,북구,복현시장,6)관리처분인가,4)재건축(단독주택),1)조합, 84 
대구광역시,북구,칠성원·경명·상가,5)사업시행인가,2)재개발(도시정비),1)조합, 해당없음 
대구광역시,수성구,수성1지구(수성구54),4)조합설립인가,1)재개발(주택정비),1)조합,2149 
대구광역시,수성구,산장맨션,2)정비구역지정,3)재건축(공동주택),1)조합, 264 
대구광역시,동구,동구-30-10,2)정비구역지정,1)재개발(주택정비),2)토지등소유자, 523 
대구광역시,동구,동구-30-12,2)정비구역지정,1)재개발(주택정비),2)토지등소유자,3086 
대구광역시,북구,북구-30-11,2)정비구역지정,1)재개발(주택정비),1)조합, 해당없음 
대구광역시,중구,남산3,5)사업시행인가,5)주거환경개선,2)토지등소유자,0 
대구광역시,달서구,월촌역청솔,3)추진위구성,1)재개발(주택정비),1)조합, 290 
대구광역시,중구,남산4-7,4)조합설립인가,1)재개발(주택정비),2)토지등소유자, 944 
대구광역시,수성구,가든하이츠1차재건축사업,3)추진위구성,3)재건축(공동주택),1)조합,0 
대구광역시,수성구,장원맨션재건축사업,3)추진위구성,3)재건축(공동주택),1)조합,0 
대구광역시,수성구,명문빌라재건축사업,3)추진위구성,3)재건축(공동주택),1)조합,0 
대전광역시,대덕구,대화동1,6)관리처분인가,1)재개발(주택정비),1)조합,1660 
대전광역시,대덕구,대화동2,5)사업시행인가,1)재개발(주택정비),1)조합,1375 
대전광역시,대덕구,법동2,5)사업시행인가,3)재건축(공동주택),1)조합, 627 
대전광역시,대덕구,효자,5)사업시행인가,5)주거환경개선,"4)공공(LH,SH,GH)",1620 
대전광역시,동구,가양동1,4)조합설립인가,1)재개발(주택정비),1)조합,1546 
대전광역시,동구,가양동5,5)사업시행인가,4)재건축(단독주택),1)조합,1028 
대전광역시,동구,가양동7,7)착공,3)재건축(공동주택),1)조합, 224 
대전광역시,동구,가오동1,5)사업시행인가,3)재건축(공동주택),1)조합, 700 
대전광역시,동구,대동4·8,5)사업시행인가,1)재개발(주택정비),1)조합,2213 
대전광역시,동구,대동3(대동2구역),5)사업시행인가,5)주거환경개선,"4)공공(LH,SH,GH)",1782 
대전광역시,동구,삼성1,5)사업시행인가,1)재개발(주택정비),1)조합,1523 
대전광역시,동구,대전역삼성4,6)관리처분인가,2)재개발(도시정비),1)조합,1350 
대전광역시,동구,삼성동1,5)사업시행인가,4)재건축(단독주택),1)조합, 722 
대전광역시,동구,성남동1,7)착공,1)재개발(주택정비),1)조합,1213 
대전광역시,동구,성남동3,4)조합설립인가,1)재개발(주택정비),1)조합,2856 
대전광역시,동구,성남동2(구성2구역),5)사업시행인가,5)주거환경개선,"4)공공(LH,SH,GH)",2592 
대전광역시,동구,대전역복합2,5)사업시행인가,2)재개발(도시정비),6)지정개발자,1184 
대전광역시,동구,중앙1,6)관리처분인가,2)재개발(도시정비),1)조합, 558 
대전광역시,동구,가오동2(천동주공아파트),6)관리처분인가,3)재건축(공동주택),1)조합, 952 
대전광역시,동구,홍도동2,5)사업시행인가,3)재건축(공동주택),1)조합, 461 
대전광역시,서구,도마·변동1,7)착공,1)재개발(주택정비),1)조합,1779 
대전광역시,서구,도마·변동6,6)관리처분인가,1)재개발(주택정비),1)조합, 528 
대전광역시,서구,도마·변동9,7)착공,1)재개발(주택정비),1)조합, 818 
대전광역시,서구,도마·변동3,6)관리처분인가,1)재개발(주택정비),1)조합,3446 
대전광역시,서구,복수동2,6)관리처분인가,1)재개발(주택정비),1)조합, 890 
대전광역시,유성구,도룡동2,2)정비구역지정,3)재건축(공동주택),1)조합, 189 
대전광역시,유성구,장대B,6)관리처분인가,2)재개발(도시정비),1)조합,2703 
대전광역시,중구,대사동1,5)사업시행인가,1)재개발(주택정비),1)조합,1080 
대전광역시,중구,보문1,7)착공,5)주거환경개선,"3)공공(지자체/시장,군수 등)",0 
대전광역시,중구,보문3,7)착공,5)주거환경개선,"3)공공(지자체/시장,군수 등)",0 
대전광역시,중구,대흥동1,4)조합설립인가,1)재개발(주택정비),1)조합, 827 
대전광역시,중구,대흥4,6)관리처분인가,1)재개발(주택정비),1)조합, 909 
대전광역시,중구,대흥2,7)착공,1)재개발(주택정비),1)조합,1278 
대전광역시,중구,문화2,6)관리처분인가,1)재개발(주택정비),1)조합, 749 
대전광역시,중구,문화동8,7)착공,1)재개발(주택정비),1)조합,1746 
대전광역시,중구,문화동6,2)정비구역지정,3)재건축(공동주택),1)조합, 540 
대전광역시,중구,부사동4,5)사업시행인가,1)재개발(주택정비),1)조합, 826 
대전광역시,중구,산성동2,4)조합설립인가,1)재개발(주택정비),1)조합,1665 
대전광역시,중구,선화2,6)관리처분인가,2)재개발(도시정비),1)조합,1536 
대전광역시,중구,선화1-A,3)추진위구성,2)재개발(도시정비),1)조합, 602 
대전광역시,중구,옥계동2,4)조합설립인가,1)재개발(주택정비),1)조합,1508 
대전광역시,중구,용두동2,6)관리처분인가,1)재개발(주택정비),1)조합, 794 
대전광역시,중구,은행1,5)사업시행인가,2)재개발(도시정비),1)조합,3088 
대전광역시,중구,태평동2,4)조합설립인가,1)재개발(주택정비),1)조합, 535 
대전광역시,중구,태평동5,6)관리처분인가,4)재건축(단독주택),1)조합,2267 
대전광역시,중구,산성동1,4)조합설립인가,1)재개발(주택정비),1)조합, 968 
대전광역시,서구,도마·변동12,5)사업시행인가,1)재개발(주택정비),1)조합,1593 
대전광역시,중구,오류동삼성,3)추진위구성,3)재건축(공동주택),1)조합,3300 
대전광역시,서구,도마·변동4,5)사업시행인가,1)재개발(주택정비),1)조합,3045 
대전광역시,서구,도마·변동5,5)사업시행인가,1)재개발(주택정비),1)조합,2622 
대전광역시,서구,도마·변동13,5)사업시행인가,1)재개발(주택정비),1)조합,2603 
대전광역시,동구,삼성5,4)조합설립인가,1)재개발(주택정비),1)조합,1134 
대전광역시,동구,신안1재정비촉진,3)추진위구성,2)재개발(도시정비),1)조합, 744 
대전광역시,서구,도마ㆍ변동2,4)조합설립인가,1)재개발(주택정비),1)조합,1074 
대전광역시,유성구,장대A,3)추진위구성,1)재개발(주택정비),1)조합, 945 
대전광역시,유성구,장대C,4)조합설립인가,2)재개발(도시정비),6)지정개발자,1439 
대전광역시,중구,오류동1구역,4)조합설립인가,1)재개발(주택정비),2)토지등소유자, 312 
대전광역시,중구,용두동3,4)조합설립인가,1)재개발(주택정비),1)조합,1991 
대전광역시,서구,도마·변동6-1,4)조합설립인가,1)재개발(주택정비),1)조합,1100 
대전광역시,서구,도마·변동16,4)조합설립인가,1)재개발(주택정비),1)조합,2162 
대전광역시,중구,호동,4)조합설립인가,1)재개발(주택정비),1)조합, 644 
대전광역시,중구,유천동3,4)조합설립인가,1)재개발(주택정비),1)조합,1732 
대전광역시,동구,삼성3,3)추진위구성,1)재개발(주택정비),2)토지등소유자,1880 
대전광역시,대덕구,신탄진동1,3)추진위구성,1)재개발(주택정비),1)조합, 942 
대전광역시,대덕구,덕암동1,3)추진위구성,1)재개발(주택정비),1)조합, 734 
대전광역시,중구,문창동2,4)조합설립인가,1)재개발(주택정비),1)조합,1306 
대전광역시,서구,정림동1,3)추진위구성,1)재개발(주택정비),1)조합, 549 
대전광역시,동구,삼성6,4)조합설립인가,1)재개발(주택정비),1)조합, 334 
대전광역시,동구,판암2,3)추진위구성,1)재개발(주택정비),2)토지등소유자, 514 
대전광역시,동구,판암6,3)추진위구성,1)재개발(주택정비),2)토지등소유자,1037 
대전광역시,서구,내동1구역,2)정비구역지정,1)재개발(주택정비),2)토지등소유자, 631 
대전광역시,서구,내동2구역,3)추진위구성,1)재개발(주택정비),2)토지등소유자,1943 
부산광역시,금정구,구서4,4)조합설립인가,4)재건축(단독주택),1)조합, 281 
부산광역시,금정구,구서3,5)사업시행인가,4)재건축(단독주택),1)조합, 352 
부산광역시,금정구,구서5,5)사업시행인가,4)재건축(단독주택),1)조합, 800 
부산광역시,금정구,남산1,7)착공,4)재건축(단독주택),1)조합, 415 
부산광역시,금정구,부곡2,5)사업시행인가,1)재개발(주택정비),1)조합,1968 
부산광역시,금정구,부곡1,2)정비구역지정,5)주거환경개선,"3)공공(지자체/시장,군수 등)",0 
부산광역시,금정구,촉진A,5)사업시행인가,1)재개발(주택정비),1)조합,2363 
부산광역시,금정구,촉진5,5)사업시행인가,1)재개발(주택정비),1)조합,3802 
부산광역시,금정구,촉진6,5)사업시행인가,1)재개발(주택정비),1)조합,2550 
부산광역시,금정구,청룡1,5)사업시행인가,4)재건축(단독주택),1)조합, 280 
부산광역시,기장군,길천,2)정비구역지정,5)주거환경개선,2)토지등소유자,0 
부산광역시,기장군,월내,2)정비구역지정,5)주거환경개선,2)토지등소유자,0 
부산광역시,남구,감만5,5)사업시행인가,5)주거환경개선,2)토지등소유자,0 
부산광역시,남구,감만1,6)관리처분인가,1)재개발(주택정비),1)조합,9092 
부산광역시,남구,대연3,7)착공,3)재건축(공동주택),1)조합, 367 
부산광역시,남구,대연3,2)정비구역지정,5)주거환경개선,2)토지등소유자,0 
부산광역시,남구,대연8,5)사업시행인가,1)재개발(주택정비),1)조합,3322 
부산광역시,남구,대연3,7)착공,1)재개발(주택정비),1)조합,4488 
부산광역시,남구,문현1,2)정비구역지정,5)주거환경개선,2)토지등소유자,0 
부산광역시,남구,문현2,7)착공,5)주거환경개선,"4)공공(LH,SH,GH)", 960 
부산광역시,남구,문현1,4)조합설립인가,2)재개발(도시정비),1)조합,2232 
부산광역시,남구,문현3,6)관리처분인가,1)재개발(주택정비),1)조합,2772 
부산광역시,남구,용호6,5)사업시행인가,5)주거환경개선,"4)공공(LH,SH,GH)", 440 
부산광역시,남구,용호3,2)정비구역지정,5)주거환경개선,2)토지등소유자,0 
부산광역시,남구,용호2,6)관리처분인가,1)재개발(주택정비),1)조합,1031 
부산광역시,남구,우암1,7)착공,1)재개발(주택정비),1)조합,2205 
부산광역시,동구,범일2,6)관리처분인가,2)재개발(도시정비),1)조합, 371 
부산광역시,동구,범일2,2)정비구역지정,5)주거환경개선,2)토지등소유자,0 
부산광역시,동구,범일3,2)정비구역지정,5)주거환경개선,2)토지등소유자,0 
부산광역시,동구,초량2,5)사업시행인가,1)재개발(주택정비),1)조합,1841 
부산광역시,동구,수정2,2)정비구역지정,5)주거환경개선,2)토지등소유자,0 
부산광역시,동구,수정3,2)정비구역지정,5)주거환경개선,2)토지등소유자,0 
부산광역시,동구,수정4,2)정비구역지정,5)주거환경개선,2)토지등소유자,0 
부산광역시,동구,수정6,2)정비구역지정,5)주거환경개선,2)토지등소유자,0 
부산광역시,동구,수정7,2)정비구역지정,5)주거환경개선,2)토지등소유자,0 
부산광역시,동구,수정8,2)정비구역지정,5)주거환경개선,2)토지등소유자,0 
부산광역시,동구,좌천1,2)정비구역지정,5)주거환경개선,2)토지등소유자,0 
부산광역시,동구,좌천2,2)정비구역지정,5)주거환경개선,6)지정개발자, 429 
부산광역시,동구,좌천3,2)정비구역지정,5)주거환경개선,2)토지등소유자,0 
부산광역시,동구,좌천4,2)정비구역지정,5)주거환경개선,2)토지등소유자,0 
부산광역시,동구,초량3,6)관리처분인가,1)재개발(주택정비),1)조합, 432 
부산광역시,동구,초량1,2)정비구역지정,5)주거환경개선,2)토지등소유자,0 
부산광역시,동구,초량2,2)정비구역지정,5)주거환경개선,2)토지등소유자,0 
부산광역시,동구,초량3,2)정비구역지정,5)주거환경개선,2)토지등소유자,0 
부산광역시,동구,초량5,2)정비구역지정,5)주거환경개선,2)토지등소유자,0 
부산광역시,동래구,낙민1,3)추진위구성,3)재건축(공동주택),1)조합, 해당없음 
부산광역시,동래구,명륜2,6)관리처분인가,3)재건축(공동주택),1)조합, 499 
부산광역시,동래구,사직1-5,5)사업시행인가,3)재건축(공동주택),6)지정개발자, 653 
부산광역시,동래구,사직1-6,7)착공,3)재건축(공동주택),1)조합,1068 
부산광역시,동래구,"수안1(해바라기1,2차,새동래마동)",6)관리처분인가,3)재건축(공동주택),1)조합, 710 
부산광역시,동래구,수안3,4)조합설립인가,3)재건축(공동주택),1)조합, 216 
부산광역시,동래구,안락1,7)착공,3)재건축(공동주택),1)조합,1481 
부산광역시,동래구,온천1,2)정비구역지정,3)재건축(공동주택),1)조합, 500 
부산광역시,동래구,복산1,5)사업시행인가,1)재개발(주택정비),1)조합,4300 
부산광역시,부산진구,가야2,2)정비구역지정,5)주거환경개선,2)토지등소유자,0 
부산광역시,부산진구,가야3,2)정비구역지정,5)주거환경개선,2)토지등소유자,0 
부산광역시,부산진구,가야4,2)정비구역지정,5)주거환경개선,2)토지등소유자,0 
부산광역시,부산진구,가야1,2)정비구역지정,5)주거환경개선,2)토지등소유자,0 
부산광역시,부산진구,가야6,2)정비구역지정,5)주거환경개선,2)토지등소유자,0 
부산광역시,부산진구,가야1,6)관리처분인가,1)재개발(주택정비),1)조합,1943 
부산광역시,부산진구,개금2,6)관리처분인가,1)재개발(주택정비),1)조합, 539 
부산광역시,부산진구,당감1,3)추진위구성,4)재건축(단독주택),1)조합, 해당없음 
부산광역시,부산진구,촉진2-1,6)관리처분인가,2)재개발(도시정비),1)조합,1902 
부산광역시,부산진구,촉진3,6)관리처분인가,1)재개발(주택정비),1)조합,3545 
부산광역시,부산진구,범천3,2)정비구역지정,5)주거환경개선,2)토지등소유자,0 
부산광역시,부산진구,범천2,7)착공,5)주거환경개선,"4)공공(LH,SH,GH)", 498 
부산광역시,부산진구,범천1-1,7)착공,2)재개발(도시정비),1)조합,1509 
부산광역시,부산진구,범천4,5)사업시행인가,1)재개발(주택정비),1)조합,2206 
부산광역시,부산진구,부암1,2)정비구역지정,5)주거환경개선,2)토지등소유자,0 
부산광역시,부산진구,촉진1,6)관리처분인가,2)재개발(도시정비),2)토지등소유자,1874 
부산광역시,부산진구,촉진2-2,2)정비구역지정,2)재개발(도시정비),1)조합, 550 
부산광역시,부산진구,양정3,2)정비구역지정,5)주거환경개선,2)토지등소유자,0 
부산광역시,부산진구,양정3,7)착공,1)재개발(주택정비),1)조합, 903 
부산광역시,부산진구,촉진4,6)관리처분인가,1)재개발(주택정비),1)조합, 849 
부산광역시,부산진구,전포1,2)정비구역지정,5)주거환경개선,2)토지등소유자,0 
부산광역시,부산진구,전포2,2)정비구역지정,5)주거환경개선,2)토지등소유자,0 
부산광역시,부산진구,전포3,2)정비구역지정,5)주거환경개선,2)토지등소유자,0 
부산광역시,부산진구,초읍1,5)사업시행인가,1)재개발(주택정비),1)조합,1522 
부산광역시,부산진구,당감1-1,5)사업시행인가,4)재건축(단독주택),1)조합,1432 
부산광역시,북구,금곡2-1,6)관리처분인가,1)재개발(주택정비),1)조합, 313 
부산광역시,북구,만덕4(만덕동원맨션),4)조합설립인가,3)재건축(공동주택),1)조합, 281 
부산광역시,북구,만덕3,4)조합설립인가,3)재건축(공동주택),1)조합, 445 
부산광역시,북구,화명2(재건축),5)사업시행인가,3)재건축(공동주택),1)조합, 371 
부산광역시,사상구,엄궁1,7)착공,1)재개발(주택정비),1)조합,1670 
부산광역시,사상구,엄궁3,7)착공,1)재개발(주택정비),1)조합,1305 
부산광역시,사하구,감천1,2)정비구역지정,5)주거환경개선,2)토지등소유자,0 
부산광역시,사하구,감천2,5)사업시행인가,1)재개발(주택정비),1)조합,2229 
부산광역시,사하구,괴정2,2)정비구역지정,5)주거환경개선,1)조합,0 
부산광역시,사하구,괴정1,2)정비구역지정,5)주거환경개선,2)토지등소유자,0 
부산광역시,사하구,괴정5,6)관리처분인가,1)재개발(주택정비),1)조합,3509 
부산광역시,사하구,괴정2,4)조합설립인가,3)재건축(공동주택),1)조합, 392 
부산광역시,사하구,괴정3,6)관리처분인가,3)재건축(공동주택),1)조합, 757 
부산광역시,사하구,당리2,7)착공,1)재개발(주택정비),1)조합, 543 
부산광역시,사하구,당리1,5)사업시행인가,3)재건축(공동주택),1)조합, 437 
부산광역시,사하구,당리2,4)조합설립인가,3)재건축(공동주택),1)조합, 375 
부산광역시,사하구,장림4,2)정비구역지정,5)주거환경개선,2)토지등소유자,0 
부산광역시,사하구,장림2,2)정비구역지정,5)주거환경개선,2)토지등소유자,0 
부산광역시,사하구,장림3,2)정비구역지정,5)주거환경개선,2)토지등소유자,0 
부산광역시,사하구,하단1,4)조합설립인가,3)재건축(공동주택),1)조합, 463 
부산광역시,서구,남부민2,2)정비구역지정,5)주거환경개선,2)토지등소유자,0 
부산광역시,서구,남부민1,2)정비구역지정,5)주거환경개선,"3)공공(지자체/시장,군수 등)",0 
부산광역시,서구,동대신1,2)정비구역지정,5)주거환경개선,2)토지등소유자,0 
부산광역시,서구,동대신2,2)정비구역지정,5)주거환경개선,2)토지등소유자,0 
부산광역시,서구,동대신7,2)정비구역지정,5)주거환경개선,2)토지등소유자,0 
부산광역시,서구,동대신8,2)정비구역지정,5)주거환경개선,2)토지등소유자,0 
부산광역시,서구,동대신10,2)정비구역지정,5)주거환경개선,2)토지등소유자,0 
부산광역시,서구,동대신4,2)정비구역지정,5)주거환경개선,2)토지등소유자,0 
부산광역시,서구,동대신5,2)정비구역지정,5)주거환경개선,2)토지등소유자,0 
부산광역시,서구,동대신9,2)정비구역지정,5)주거환경개선,2)토지등소유자,0 
부산광역시,서구,동대신1(삼익아파트),3)추진위구성,3)재건축(공동주택),1)조합,1080 
부산광역시,서구,동대신6,2)정비구역지정,5)주거환경개선,2)토지등소유자,0 
부산광역시,서구,부민2,4)조합설립인가,1)재개발(주택정비),1)조합,1042 
부산광역시,서구,부용1,2)정비구역지정,5)주거환경개선,2)토지등소유자,0 
부산광역시,서구,서대신5,2)정비구역지정,5)주거환경개선,2)토지등소유자,0 
부산광역시,서구,서대신6,2)정비구역지정,5)주거환경개선,2)토지등소유자,0 
부산광역시,서구,서대신4,7)착공,1)재개발(주택정비),1)조합, 542 
부산광역시,서구,아미1,2)정비구역지정,5)주거환경개선,2)토지등소유자,0 
부산광역시,서구,아미3,2)정비구역지정,5)주거환경개선,2)토지등소유자,0 
부산광역시,수영구,광안2,7)착공,1)재개발(주택정비),1)조합,1233 
부산광역시,수영구,남천2구역(제3지구삼익비치),5)사업시행인가,3)재건축(공동주택),1)조합,3365 
부산광역시,수영구,광안A,5)사업시행인가,1)재개발(주택정비),1)조합,2550 
부산광역시,연제구,거제2(거제한양아파트),4)조합설립인가,3)재건축(공동주택),1)조합, 486 
부산광역시,연제구,거제1(재건축),4)조합설립인가,3)재건축(공동주택),1)조합, 626 
부산광역시,연제구,거제3(거제경남아파트),3)추진위구성,3)재건축(공동주택),1)조합, 573 
부산광역시,연제구,연산5,7)착공,1)재개발(주택정비),1)조합, 376 
부산광역시,연제구,연산5(망미주공아파트),4)조합설립인가,3)재건축(공동주택),1)조합,2995 
부산광역시,연제구,연산6(한양5차아파트),3)추진위구성,3)재건축(공동주택),1)조합,1852 
부산광역시,영도구,대평1,5)사업시행인가,2)재개발(도시정비),1)조합, 999 
부산광역시,영도구,동삼1,6)관리처분인가,1)재개발(주택정비),1)조합,1999 
부산광역시,영도구,촉진5,4)조합설립인가,1)재개발(주택정비),1)조합,3560 
부산광역시,영도구,청학1,6)관리처분인가,3)재건축(공동주택),1)조합, 505 
부산광역시,영도구,청학1,5)사업시행인가,5)주거환경개선,2)토지등소유자,0 
부산광역시,영도구,청학4,5)사업시행인가,5)주거환경개선,2)토지등소유자,0 
부산광역시,중구,대청3,2)정비구역지정,5)주거환경개선,2)토지등소유자,0 
부산광역시,중구,대청1,2)정비구역지정,5)주거환경개선,2)토지등소유자,0 
부산광역시,중구,대청2,2)정비구역지정,5)주거환경개선,2)토지등소유자,0 
부산광역시,중구,동광3,2)정비구역지정,5)주거환경개선,2)토지등소유자,0 
부산광역시,중구,보수1,2)정비구역지정,5)주거환경개선,2)토지등소유자,0 
부산광역시,중구,보수2,2)정비구역지정,5)주거환경개선,2)토지등소유자,0 
부산광역시,중구,보수3,2)정비구역지정,5)주거환경개선,2)토지등소유자,0 
부산광역시,중구,보수4,2)정비구역지정,5)주거환경개선,2)토지등소유자,0 
부산광역시,중구,보수6,2)정비구역지정,5)주거환경개선,2)토지등소유자,0 
부산광역시,중구,보수7,2)정비구역지정,5)주거환경개선,2)토지등소유자,0 
부산광역시,중구,영주2,2)정비구역지정,5)주거환경개선,"4)공공(LH,SH,GH)", 180 
부산광역시,해운대구,반여3,4)조합설립인가,3)재건축(공동주택),1)조합, 950 
부산광역시,해운대구,반여3-1,5)사업시행인가,3)재건축(공동주택),1)조합, 811 
부산광역시,해운대구,반여4,7)착공,3)재건축(공동주택),1)조합, 536 
부산광역시,해운대구,우동2,7)착공,2)재개발(도시정비),2)토지등소유자, 660 
부산광역시,해운대구,우동3,5)사업시행인가,1)재개발(주택정비),1)조합,2395 
부산광역시,해운대구,우동1,5)사업시행인가,3)재건축(공동주택),1)조합,1303 
부산광역시,해운대구,재송2(재건축),7)착공,3)재건축(공동주택),1)조합, 924 
부산광역시,해운대구,재송5,2)정비구역지정,3)재건축(공동주택),1)조합, 678 
부산광역시,해운대구,재송본동,2)정비구역지정,5)주거환경개선,2)토지등소유자,0 
부산광역시,영도구,동삼1(조양비취맨션),4)조합설립인가,3)재건축(공동주택),1)조합, 725 
부산광역시,연제구,거제1,5)사업시행인가,5)주거환경개선,2)토지등소유자,0 
부산광역시,사하구,괴정6,4)조합설립인가,1)재개발(주택정비),1)조합, 692 
부산광역시,사하구,괴정7(재개발),4)조합설립인가,1)재개발(주택정비),1)조합,1877 
부산광역시,수영구,민락2(재개발),4)조합설립인가,1)재개발(주택정비),1)조합,1032 
부산광역시,해운대구,중동5(재개발),5)사업시행인가,1)재개발(주택정비),2)토지등소유자,1119 
부산광역시,수영구,광안3,4)조합설립인가,1)재개발(주택정비),1)조합,1073 
부산광역시,동래구,사직2,4)조합설립인가,1)재개발(주택정비),1)조합,1000 
부산광역시,서구,부민3,4)조합설립인가,1)재개발(주택정비),1)조합, 751 
부산광역시,동구,범일3-1재개발,6)관리처분인가,2)재개발(도시정비),1)조합, 368 
부산광역시,동구,범일3재개발,7)착공,2)재개발(도시정비),1)조합, 856 
부산광역시,동구,좌천·범일통합2지구,4)조합설립인가,2)재개발(도시정비),1)조합,1908 
부산광역시,사하구,다대3,4)조합설립인가,3)재건축(공동주택),1)조합, 692 
부산광역시,사하구,다대4,4)조합설립인가,3)재건축(공동주택),1)조합, 390 
부산광역시,영도구,청학2,4)조합설립인가,1)재개발(주택정비),1)조합, 899 
부산광역시,동래구,명장2,4)조합설립인가,1)재개발(주택정비),1)조합,1137 
부산광역시,수영구,수영1,4)조합설립인가,1)재개발(주택정비),2)토지등소유자,1520 
부산광역시,북구,구포8,3)추진위구성,1)재개발(주택정비),2)토지등소유자, 565 
부산광역시,중구,영주1구역(재건축),4)조합설립인가,3)재건축(공동주택),1)조합, 224 
부산광역시,금정구,구서1,4)조합설립인가,1)재개발(주택정비),1)조합, 544 
부산광역시,수영구,망미7,3)추진위구성,1)재개발(주택정비),1)조합,1386 
부산광역시,수영구,광안4,4)조합설립인가,1)재개발(주택정비),2)토지등소유자, 966 
부산광역시,부산진구,개금주공1단지아파트,3)추진위구성,4)재건축(단독주택),1)조합, 445 
부산광역시,부산진구,범천5,4)조합설립인가,1)재개발(주택정비),1)조합, 986 
부산광역시,부산진구,가야4,4)조합설립인가,1)재개발(주택정비),1)조합,1998 
부산광역시,부산진구,연지3,4)조합설립인가,1)재개발(주택정비),1)조합, 626 
부산광역시,동래구,명서1,4)조합설립인가,1)재개발(주택정비),1)조합,1521 
부산광역시,동래구,사직3,4)조합설립인가,1)재개발(주택정비),1)조합, 995 
부산광역시,동래구,온천5,4)조합설립인가,1)재개발(주택정비),1)조합, 917 
부산광역시,동래구,명장3,4)조합설립인가,3)재건축(공동주택),1)조합, 464 
부산광역시,동래구,온천3,3)추진위구성,3)재건축(공동주택),1)조합,2100 
부산광역시,사하구,괴정8구역,4)조합설립인가,1)재개발(주택정비),1)조합, 해당없음 
부산광역시,동래구,사직5,4)조합설립인가,1)재개발(주택정비),1)조합, 811 
부산광역시,연제구,연산7,4)조합설립인가,1)재개발(주택정비),1)조합,1275 
부산광역시,연제구,연산8,3)추진위구성,1)재개발(주택정비),1)조합, 543 
부산광역시,연제구,연산10,4)조합설립인가,1)재개발(주택정비),1)조합, 368 
부산광역시,수영구,광안5,4)조합설립인가,1)재개발(주택정비),1)조합,2058 
부산광역시,동래구,사직4,4)조합설립인가,1)재개발(주택정비),1)조합,1712 
부산광역시,동래구,수안1,4)조합설립인가,1)재개발(주택정비),1)조합, 870 
부산광역시,영도구,청학1,2)정비구역지정,1)재개발(주택정비),1)조합, 913 
부산광역시,수영구,망미5,4)조합설립인가,1)재개발(주택정비),1)조합,1791 
부산광역시,사상구,괘법1,3)추진위구성,1)재개발(주택정비),1)조합,2116 
부산광역시,연제구,연산13,3)추진위구성,1)재개발(주택정비),1)조합, 710 
부산광역시,동구,수정2,3)추진위구성,1)재개발(주택정비),2)토지등소유자, 670 
부산광역시,연제구,연산11,3)추진위구성,1)재개발(주택정비),1)조합, 943 
부산광역시,연제구,연산12,3)추진위구성,1)재개발(주택정비),1)조합,2051 
부산광역시,해운대구,대우마리나1·2차,3)추진위구성,3)재건축(공동주택),1)조합,0 
부산광역시,남구,용호1,3)추진위구성,1)재개발(주택정비),1)조합,2332 
부산광역시,금정구,금사1,3)추진위구성,1)재개발(주택정비),1)조합,2630 
부산광역시,사하구,하단2,4)조합설립인가,1)재개발(주택정비),1)조합, 해당없음 
부산광역시,사하구,하단3,3)추진위구성,1)재개발(주택정비),1)조합, 해당없음 
부산광역시,남구,용호12,2)정비구역지정,1)재개발(주택정비),1)조합, 505 
부산광역시,동래구,명장5,4)조합설립인가,1)재개발(주택정비),1)조합,2183 
부산광역시,동래구,안락1,4)조합설립인가,1)재개발(주택정비),1)조합,1535 
부산광역시,북구,덕천3,3)추진위구성,1)재개발(주택정비),1)조합,1599 
부산광역시,북구,덕천1,3)추진위구성,1)재개발(주택정비),1)조합, 525 
부산광역시,사상구,학장1재건축,4)조합설립인가,3)재건축(공동주택),1)조합, 해당없음 
부산광역시,사상구,주례2재건축,2)정비구역지정,3)재건축(공동주택),1)조합, 해당없음 
부산광역시,사상구,주례1재건축,3)추진위구성,3)재건축(공동주택),1)조합, 해당없음 
부산광역시,사상구,주례4재개발,2)정비구역지정,1)재개발(주택정비),1)조합, 해당없음 
부산광역시,동구,수정3,3)추진위구성,1)재개발(주택정비),1)조합, 624 
부산광역시,남구,용호4,4)조합설립인가,1)재개발(주택정비),1)조합, 916 
부산광역시,남구,용호7,4)조합설립인가,1)재개발(주택정비),1)조합,1112 
부산광역시,남구,용호A,3)추진위구성,1)재개발(주택정비),1)조합, 908 
부산광역시,남구,감만2,2)정비구역지정,1)재개발(주택정비),2)토지등소유자, 920 
부산광역시,부산진구,가야5,3)추진위구성,1)재개발(주택정비),1)조합, 478 
부산광역시,부산진구,양정4,3)추진위구성,1)재개발(주택정비),1)조합, 305 
부산광역시,해운대구,대우마리나3차,3)추진위구성,3)재건축(공동주택),1)조합,0 
부산광역시,북구,만덕1구역재개발사업,3)추진위구성,1)재개발(주택정비),2)토지등소유자, 731 
부산광역시,수영구,광안7,3)추진위구성,1)재개발(주택정비),2)토지등소유자,0 
부산광역시,중구,영주1,3)추진위구성,1)재개발(주택정비),1)조합, 489 
부산광역시,사상구,주례3구역,2)정비구역지정,2)재개발(도시정비),1)조합,0 
부산광역시,남구,문현6구역재개발정비사업,4)조합설립인가,1)재개발(주택정비),1)조합,0 
부산광역시,사하구,당리4,3)추진위구성,1)재개발(주택정비),1)조합, 495 
서울특별시,강남구,개포주공5단지,6)관리처분인가,3)재건축(공동주택),1)조합,1279 
서울특별시,강남구,"개포주공6,7단지",5)사업시행인가,3)재건축(공동주택),1)조합,2698 
서울특별시,강남구,도곡삼익아파트,3)추진위구성,3)재건축(공동주택),1)조합, 369 
서울특별시,강남구,압구정특별계획구역3,4)조합설립인가,3)재건축(공동주택),1)조합,4121 
서울특별시,강남구,압구정특별계획구역4,4)조합설립인가,3)재건축(공동주택),1)조합,1341 
서울특별시,강남구,압구정특별계획구역5,4)조합설립인가,3)재건축(공동주택),1)조합,1232 
서울특별시,강남구,압구정한양7차아파트,4)조합설립인가,3)재건축(공동주택),1)조합, 268 
서울특별시,강남구,은마아파트,4)조합설립인가,3)재건축(공동주택),1)조합,5893 
서울특별시,강남구,대치우성1차아파트,5)사업시행인가,3)재건축(공동주택),1)조합, 712 
서울특별시,강남구,도곡개포한신아파트,6)관리처분인가,3)재건축(공동주택),1)조합, 825 
서울특별시,강남구,도곡삼호아파트,7)착공,3)재건축(공동주택),1)조합, 308 
서울특별시,강남구,일원개포한신아파트,6)관리처분인가,3)재건축(공동주택),1)조합, 483 
서울특별시,강남구,"역삼동(758,은하수,760)",7)착공,3)재건축(공동주택),1)조합, 237 
서울특별시,강남구,대치쌍용1차아파트,5)사업시행인가,3)재건축(공동주택),1)조합, 999 
서울특별시,강남구,대치쌍용2차아파트,5)사업시행인가,3)재건축(공동주택),1)조합, 560 
서울특별시,강동구,삼익파크아파트,6)관리처분인가,3)재건축(공동주택),1)조합,1384 
서울특별시,강동구,삼익맨숀아파트,4)조합설립인가,3)재건축(공동주택),1)조합,1169 
서울특별시,강동구,천호3촉진(천호),7)착공,3)재건축(공동주택),1)조합, 535 
서울특별시,강동구,목화연립,5)사업시행인가,3)재건축(공동주택),1)조합, 47 
서울특별시,강북구,미아제4-1,4)조합설립인가,4)재건축(단독주택),1)조합,1015 
서울특별시,강북구,미아제9-2,5)사업시행인가,4)재건축(단독주택),1)조합,1758 
서울특별시,강북구,미아제11,4)조합설립인가,1)재개발(주택정비),1)조합, 663 
서울특별시,강북구,미아2재정비촉진,4)조합설립인가,1)재개발(주택정비),1)조합,3519 
서울특별시,강북구,미아3재정비촉진,6)관리처분인가,1)재개발(주택정비),1)조합,1037 
서울특별시,강북구,미아4재정비촉진,6)관리처분인가,4)재건축(단독주택),1)조합, 493 
서울특별시,강북구,강북3재정비촉진,6)관리처분인가,2)재개발(도시정비),6)지정개발자, 920 
서울특별시,강북구,미아3(주환),5)사업시행인가,5)주거환경개선,"3)공공(지자체/시장,군수 등)",0 
서울특별시,강북구,미아4(주환),5)사업시행인가,5)주거환경개선,"3)공공(지자체/시장,군수 등)", 615 
서울특별시,강북구,미아5(주환),5)사업시행인가,5)주거환경개선,"3)공공(지자체/시장,군수 등)",2017 
서울특별시,강북구,수유1(주환),5)사업시행인가,5)주거환경개선,"3)공공(지자체/시장,군수 등)",0 
서울특별시,강북구,수유2(주환),5)사업시행인가,5)주거환경개선,"3)공공(지자체/시장,군수 등)",0 
서울특별시,강북구,수유3(주환),5)사업시행인가,5)주거환경개선,"3)공공(지자체/시장,군수 등)",0 
서울특별시,강북구,미아1(주환),5)사업시행인가,5)주거환경개선,"3)공공(지자체/시장,군수 등)",0 
서울특별시,강북구,미아2(주환),5)사업시행인가,5)주거환경개선,"3)공공(지자체/시장,군수 등)",0 
서울특별시,강서구,신안빌라,4)조합설립인가,3)재건축(공동주택),6)지정개발자, 365 
서울특별시,강서구,등촌1,7)착공,4)재건축(단독주택),1)조합, 543 
서울특별시,강서구,방화3재정비촉진,5)사업시행인가,4)재건축(단독주택),1)조합,1476 
서울특별시,강서구,방화6재정비촉진,7)착공,4)재건축(단독주택),1)조합, 557 
서울특별시,관악구,봉천제14,5)사업시행인가,1)재개발(주택정비),1)조합,1571 
서울특별시,관악구,봉천제4-1-3,5)사업시행인가,1)재개발(주택정비),5)공동(2개이상), 855 
서울특별시,관악구,봉천1-1,5)사업시행인가,4)재건축(단독주택),1)조합, 807 
서울특별시,관악구,미성아파트(관악),5)사업시행인가,3)재건축(공동주택),1)조합, 490 
서울특별시,광진구,자양7(재건축),4)조합설립인가,4)재건축(단독주택),1)조합, 917 
서울특별시,광진구,자양5재정비촉진,2)정비구역지정,2)재개발(도시정비),2)토지등소유자, 840 
서울특별시,구로구,고척제4,7)착공,1)재개발(주택정비),1)조합, 983 
서울특별시,구로구,보광아파트,5)사업시행인가,3)재건축(공동주택),1)조합, 675 
서울특별시,구로구,고척동산업인아파트,5)사업시행인가,3)재건축(공동주택),1)조합, 367 
서울특별시,구로구,대흥·성원·동진빌라,5)사업시행인가,3)재건축(공동주택),1)조합,1148 
서울특별시,구로구,오류동현대연립,6)관리처분인가,3)재건축(공동주택),1)조합, 447 
서울특별시,구로구,길훈아파트,7)착공,4)재건축(단독주택),1)조합, 295 
서울특별시,구로구,개봉3,4)조합설립인가,4)재건축(단독주택),1)조합,2177 
서울특별시,금천구,무지개아파트(남서울무지개아파트),5)사업시행인가,3)재건축(공동주택),1)조합, 993 
서울특별시,금천구,시흥동현대아파트,7)착공,3)재건축(공동주택),6)지정개발자, 219 
서울특별시,금천구,금하마을,2)정비구역지정,5)주거환경개선,"3)공공(지자체/시장,군수 등)",0 
서울특별시,노원구,중계본동,6)관리처분인가,1)재개발(주택정비),"4)공공(LH,SH,GH)",3178 
서울특별시,노원구,상계1재정비촉진,6)관리처분인가,1)재개발(주택정비),1)조합,1388 
서울특별시,노원구,상계2재정비촉진,5)사업시행인가,1)재개발(주택정비),1)조합,2200 
서울특별시,노원구,상계5재정비촉진,4)조합설립인가,1)재개발(주택정비),1)조합,2042 
서울특별시,노원구,동신아파트,6)관리처분인가,3)재건축(공동주택),1)조합,1029 
서울특별시,노원구,월계동487-17일대(재해관리),7)착공,4)재건축(단독주택),1)조합, 355 
서울특별시,도봉구,무수골,2)정비구역지정,5)주거환경개선,"3)공공(지자체/시장,군수 등)",0 
서울특별시,도봉구,새동네안골,2)정비구역지정,5)주거환경개선,"3)공공(지자체/시장,군수 등)",0 
서울특별시,도봉구,도봉제2구역,7)착공,1)재개발(주택정비),1)조합, 299 
서울특별시,동대문구,"이문3재정비촉진(3-1지구,3-2지구)",7)착공,1)재개발(주택정비),1)조합,4321 
서울특별시,동대문구,이문4재정비촉진,6)관리처분인가,1)재개발(주택정비),1)조합,3628 
서울특별시,동대문구,전농8,4)조합설립인가,1)재개발(주택정비),1)조합,1750 
서울특별시,동대문구,전농12,4)조합설립인가,1)재개발(주택정비),1)조합, 297 
서울특별시,동대문구,"용두1-1,4,6지구",4)조합설립인가,2)재개발(도시정비),1)조합,0 
서울특별시,동대문구,용두1-2지구,5)사업시행인가,2)재개발(도시정비),6)지정개발자, 299 
서울특별시,동대문구,용두1-5지구,4)조합설립인가,2)재개발(도시정비),2)토지등소유자, 324 
서울특별시,동대문구,전농,5)사업시행인가,2)재개발(도시정비),1)조합,1104 
서울특별시,동대문구,용두1지구,2)정비구역지정,2)재개발(도시정비),1)조합,0 
서울특별시,동대문구,용두2지구,2)정비구역지정,2)재개발(도시정비),1)조합, 433 
서울특별시,동대문구,용두6지구,3)추진위구성,2)재개발(도시정비),2)토지등소유자,0 
서울특별시,동대문구,용두7지구,3)추진위구성,2)재개발(도시정비),2)토지등소유자,0 
서울특별시,동대문구,용두8지구,2)정비구역지정,2)재개발(도시정비),1)조합,0 
서울특별시,동대문구,장안현대아파트,5)사업시행인가,3)재건축(공동주택),1)조합, 746 
서울특별시,동대문구,제기1(경동미주아파트),7)착공,3)재건축(공동주택),6)지정개발자, 351 
서울특별시,동대문구,용두1,5)사업시행인가,5)주거환경개선,"3)공공(지자체/시장,군수 등)",1054 
서울특별시,동대문구,제기3,5)사업시행인가,5)주거환경개선,"3)공공(지자체/시장,군수 등)",0 
서울특별시,동대문구,제기제6,6)관리처분인가,1)재개발(주택정비),1)조합, 423 
서울특별시,동대문구,제기제4,6)관리처분인가,1)재개발(주택정비),1)조합, 909 
서울특별시,동대문구,청량리제7,7)착공,1)재개발(주택정비),1)조합, 761 
서울특별시,동대문구,청량리제6,4)조합설립인가,1)재개발(주택정비),1)조합,1493 
서울특별시,동대문구,청량리제8,6)관리처분인가,1)재개발(주택정비),1)조합, 610 
서울특별시,동작구,흑석1재정비촉진,4)조합설립인가,1)재개발(주택정비),1)조합, 489 
서울특별시,동작구,흑석9재정비촉진,7)착공,1)재개발(주택정비),1)조합,1536 
서울특별시,동작구,흑석11재정비촉진,7)착공,1)재개발(주택정비),1)조합,1515 
서울특별시,동작구,노량진1재정비촉진,5)사업시행인가,1)재개발(주택정비),1)조합,2992 
서울특별시,동작구,노량진2재정비촉진,7)착공,1)재개발(주택정비),1)조합, 404 
서울특별시,동작구,노량진3재정비촉진,6)관리처분인가,1)재개발(주택정비),1)조합,1012 
서울특별시,동작구,노량진4재정비촉진,6)관리처분인가,1)재개발(주택정비),1)조합, 860 
서울특별시,동작구,노량진5재정비촉진,6)관리처분인가,1)재개발(주택정비),1)조합, 727 
서울특별시,동작구,노량진6재정비촉진,7)착공,1)재개발(주택정비),1)조합,1499 
서울특별시,동작구,노량진7재정비촉진,6)관리처분인가,1)재개발(주택정비),1)조합, 576 
서울특별시,동작구,노량진8재정비촉진,7)착공,1)재개발(주택정비),1)조합, 987 
서울특별시,동작구,사당5,5)사업시행인가,4)재건축(단독주택),1)조합, 510 
서울특별시,마포구,공덕제6,5)사업시행인가,1)재개발(주택정비),1)조합, 166 
서울특별시,마포구,공덕1(재건축),7)착공,4)재건축(단독주택),1)조합,1101 
서울특별시,마포구,마포로3구역3지구,7)착공,2)재개발(도시정비),1)조합, 239 
서울특별시,서대문구,연희제1(재개발),7)착공,1)재개발(주택정비),1)조합, 959 
서울특별시,서대문구,영천,7)착공,1)재개발(주택정비),1)조합, 199 
서울특별시,서대문구,홍은제13,7)착공,1)재개발(주택정비),1)조합, 827 
서울특별시,서대문구,가재울뉴타운7,4)조합설립인가,1)재개발(주택정비),1)조합,1430 
서울특별시,서대문구,북아현2재정비촉진,5)사업시행인가,1)재개발(주택정비),1)조합,2320 
서울특별시,서대문구,북아현3재정비촉진,5)사업시행인가,1)재개발(주택정비),1)조합,4739 
서울특별시,서대문구,가재울8재정비촉진,7)착공,2)재개발(도시정비),1)조합, 283 
서울특별시,서대문구,북가좌제6,4)조합설립인가,4)재건축(단독주택),1)조합,1984 
서울특별시,서대문구,홍은제5,4)조합설립인가,4)재건축(단독주택),1)조합, 602 
서울특별시,서대문구,홍제3(재건축),6)관리처분인가,4)재건축(단독주택),1)조합, 634 
서울특별시,서대문구,현저2,2)정비구역지정,5)주거환경개선,2)토지등소유자,0 
서울특별시,서대문구,홍은2-2,7)착공,5)주거환경개선,2)토지등소유자, 305 
서울특별시,서대문구,홍제3(도시환경),3)추진위구성,2)재개발(도시정비),2)토지등소유자,0 
서울특별시,서대문구,홍제제2(도시환경),4)조합설립인가,2)재개발(도시정비),1)조합, 124 
서울특별시,서대문구,신촌1-1,2)정비구역지정,2)재개발(도시정비),2)토지등소유자,0 
서울특별시,서대문구,"신촌지역(서대문,신촌1-2)",2)정비구역지정,2)재개발(도시정비),2)토지등소유자, 196 
서울특별시,서대문구,신촌2-1,2)정비구역지정,2)재개발(도시정비),1)조합,0 
서울특별시,서대문구,신촌(서대문)2-2,7)착공,2)재개발(도시정비),2)토지등소유자,0 
서울특별시,서대문구,신촌2-3,2)정비구역지정,2)재개발(도시정비),2)토지등소유자,0 
서울특별시,서대문구,마포로5구역제2지구,4)조합설립인가,2)재개발(도시정비),1)조합, 192 
서울특별시,서초구,"반포주공1단지(1,2,4주구)",7)착공,3)재건축(공동주택),1)조합,5007 
서울특별시,서초구,반포아파트(3주구),7)착공,3)재건축(공동주택),1)조합,2091 
서울특별시,서초구,방배삼익,7)착공,3)재건축(공동주택),1)조합, 707 
서울특별시,서초구,방배신삼호아파트,4)조합설립인가,3)재건축(공동주택),1)조합, 857 
서울특별시,서초구,서초신동아아파트,7)착공,3)재건축(공동주택),1)조합,1161 
서울특별시,서초구,서초진흥아파트,4)조합설립인가,3)재건축(공동주택),1)조합, 857 
서울특별시,서초구,신반포12차아파트,6)관리처분인가,3)재건축(공동주택),1)조합, 432 
서울특별시,서초구,신반포16차아파트,6)관리처분인가,3)재건축(공동주택),1)조합, 468 
서울특별시,서초구,신반포18차337동,7)착공,3)재건축(공동주택),1)조합, 178 
서울특별시,서초구,신반포21차아파트,7)착공,3)재건축(공동주택),1)조합, 251 
서울특별시,서초구,신반포22차아파트,7)착공,3)재건축(공동주택),1)조합, 160 
서울특별시,서초구,신반포27차아파트,6)관리처분인가,3)재건축(공동주택),1)조합, 210 
서울특별시,서초구,신반포4차아파트,4)조합설립인가,3)재건축(공동주택),1)조합,1828 
서울특별시,서초구,신반포7차아파트,17)사업시행자지정,3)재건축(공동주택),5)공동(2개이상),1045 
서울특별시,서초구,신반포궁전아파트,4)조합설립인가,3)재건축(공동주택),1)조합, 249 
서울특별시,서초구,방배5,7)착공,4)재건축(단독주택),1)조합,3064 
서울특별시,서초구,방배7,5)사업시행인가,4)재건축(단독주택),1)조합, 316 
서울특별시,서초구,방배13,6)관리처분인가,4)재건축(단독주택),1)조합,2217 
서울특별시,서초구,방배14,6)관리처분인가,4)재건축(단독주택),5)공동(2개이상), 487 
서울특별시,서초구,삼호가든5차아파트,4)조합설립인가,3)재건축(공동주택),1)조합, 305 
서울특별시,서초구,방배삼호아파트,3)추진위구성,3)재건축(공동주택),1)조합,8804 
서울특별시,서초구,신반포2차아파트,4)조합설립인가,3)재건축(공동주택),1)조합,1572 
서울특별시,성동구,성수전략정비구역제1지구,4)조합설립인가,1)재개발(주택정비),1)조합,2909 
서울특별시,성동구,성수전략정비구역제2지구,4)조합설립인가,1)재개발(주택정비),1)조합,2907 
서울특별시,성동구,성수전략정비구역제3지구,4)조합설립인가,1)재개발(주택정비),1)조합,1852 
서울특별시,성동구,성수전략정비구역제4지구,4)조합설립인가,1)재개발(주택정비),1)조합,1579 
서울특별시,성동구,용답동,7)착공,1)재개발(주택정비),1)조합,1670 
서울특별시,성동구,행당제7,7)착공,1)재개발(주택정비),1)조합, 949 
서울특별시,성동구,금호제16,6)관리처분인가,1)재개발(주택정비),1)조합, 595 
서울특별시,성동구,응봉1(재건축),5)사업시행인가,4)재건축(단독주택),1)조합, 525 
서울특별시,성동구,한남하이츠,5)사업시행인가,3)재건축(공동주택),1)조합, 790 
서울특별시,성동구,성수동장미아파트,7)착공,3)재건축(공동주택),6)지정개발자, 287 
서울특별시,성동구,장안평중고차매매센터,4)조합설립인가,2)재개발(도시정비),1)조합, 해당없음 
서울특별시,성북구,장위3재정비촉진,3)추진위구성,1)재개발(주택정비),1)조합,1078 
서울특별시,성북구,장위4재정비촉진,7)착공,1)재개발(주택정비),1)조합,2840 
서울특별시,성북구,장위6재정비촉진,7)착공,1)재개발(주택정비),1)조합,1637 
서울특별시,성북구,장위10재정비촉진,6)관리처분인가,1)재개발(주택정비),1)조합,2004 
서울특별시,성북구,장위14재정비촉진,4)조합설립인가,1)재개발(주택정비),1)조합,2469 
서울특별시,성북구,길음5재정비촉진,4)조합설립인가,1)재개발(주택정비),1)조합, 808 
서울특별시,성북구,신월곡1,6)관리처분인가,2)재개발(도시정비),1)조합,2244 
서울특별시,성북구,신길음1,4)조합설립인가,2)재개발(도시정비),1)조합, 405 
서울특별시,성북구,삼선제5,7)착공,1)재개발(주택정비),1)조합,1223 
서울특별시,성북구,보문제5,7)착공,1)재개발(주택정비),1)조합, 199 
서울특별시,성북구,동소문제2,4)조합설립인가,1)재개발(주택정비),1)조합, 615 
서울특별시,성북구,정릉골,6)관리처분인가,1)재개발(주택정비),1)조합,1442 
서울특별시,성북구,성북제2,5)사업시행인가,1)재개발(주택정비),1)조합, 191 
서울특별시,성북구,동선제2,6)관리처분인가,1)재개발(주택정비),1)조합, 334 
서울특별시,성북구,돈암제6,5)사업시행인가,1)재개발(주택정비),1)조합, 900 
서울특별시,성북구,안암제1,2)정비구역지정,4)재건축(단독주택),1)조합, 427 
서울특별시,송파구,가락1차현대아파트,5)사업시행인가,3)재건축(공동주택),1)조합, 842 
서울특별시,송파구,삼환가락아파트,6)관리처분인가,3)재건축(공동주택),1)조합,1101 
서울특별시,송파구,가락극동아파트,4)조합설립인가,3)재건축(공동주택),1)조합, 999 
서울특별시,송파구,가락상아1차아파트,6)관리처분인가,3)재건축(공동주택),1)조합, 405 
서울특별시,송파구,가락프라자아파트,6)관리처분인가,3)재건축(공동주택),1)조합,1068 
서울특별시,송파구,가락삼익맨숀,6)관리처분인가,3)재건축(공동주택),1)조합,1531 
서울특별시,송파구,"장미1,2,3차아파트",4)조합설립인가,3)재건축(공동주택),1)조합,3522 
서울특별시,송파구,송파한양2차아파트,4)조합설립인가,3)재건축(공동주택),1)조합, 744 
서울특별시,송파구,"잠실우성1,2,3차아파트",4)조합설립인가,3)재건축(공동주택),1)조합,2680 
서울특별시,송파구,잠실우성4차아파트,6)관리처분인가,3)재건축(공동주택),1)조합, 825 
서울특별시,송파구,잠실주공5단지,4)조합설립인가,3)재건축(공동주택),1)조합,6491 
서울특별시,송파구,마천1재정비촉진,4)조합설립인가,1)재개발(주택정비),1)조합,2413 
서울특별시,송파구,마천3재정비촉진,5)사업시행인가,1)재개발(주택정비),1)조합,2364 
서울특별시,송파구,마천4재정비촉진,6)관리처분인가,1)재개발(주택정비),1)조합,1254 
서울특별시,송파구,한양3차아파트,5)사업시행인가,3)재건축(공동주택),1)조합, 507 
서울특별시,양천구,신정재정비촉진지구제1구역3지구,5)사업시행인가,1)재개발(주택정비),1)조합, 211 
서울특별시,양천구,신정3재정비촉진구역1지구,3)추진위구성,2)재개발(도시정비),1)조합, 155 
서울특별시,양천구,신정3재정비촉진구역2지구,3)추진위구성,2)재개발(도시정비),1)조합, 155 
서울특별시,양천구,신정4재정비촉진,6)관리처분인가,4)재건축(단독주택),1)조합,1713 
서울특별시,영등포구,신길10재정비촉진,6)관리처분인가,4)재건축(단독주택),6)지정개발자, 812 
서울특별시,영등포구,신길13재정비촉진,5)사업시행인가,3)재건축(공동주택),5)공동(2개이상), 586 
서울특별시,영등포구,영등포1-2재정비촉진,5)사업시행인가,2)재개발(도시정비),1)조합, 218 
서울특별시,영등포구,영등포1-11재정비촉진,5)사업시행인가,2)재개발(도시정비),1)조합, 818 
서울특별시,영등포구,영등포1-12재정비촉진,4)조합설립인가,2)재개발(도시정비),1)조합, 413 
서울특별시,영등포구,영등포1-13재정비촉진,7)착공,2)재개발(도시정비),1)조합, 659 
서울특별시,영등포구,양평제12,7)착공,2)재개발(도시정비),1)조합, 707 
서울특별시,영등포구,양평제13,5)사업시행인가,2)재개발(도시정비),5)공동(2개이상), 557 
서울특별시,영등포구,양평제14,2)정비구역지정,2)재개발(도시정비),"4)공공(LH,SH,GH)", 258 
서울특별시,영등포구,신길역세권,4)조합설립인가,2)재개발(도시정비),1)조합, 999 
서울특별시,영등포구,유원제일2차아파트,5)사업시행인가,3)재건축(공동주택),1)조합, 703 
서울특별시,영등포구,신길제2구역,5)사업시행인가,1)재개발(주택정비),1)조합,2550 
서울특별시,영등포구,신길삼성아파트,4)조합설립인가,3)재건축(공동주택),1)조합, 562 
서울특별시,영등포구,신동아아파트(양평),4)조합설립인가,3)재건축(공동주택),1)조합, 563 
서울특별시,영등포구,유원제일1차아파트,7)착공,3)재건축(공동주택),1)조합, 550 
서울특별시,영등포구,남성아파트,5)사업시행인가,3)재건축(공동주택),1)조합, 488 
서울특별시,영등포구,문래진주아파트,7)착공,3)재건축(공동주택),1)조합, 324 
서울특별시,영등포구,문래동4가,4)조합설립인가,2)재개발(도시정비),1)조합, 41 
서울특별시,영등포구,광장아파트28,4)조합설립인가,3)재건축(공동주택),6)지정개발자, 576 
서울특별시,영등포구,여의도수정아파트,2)정비구역지정,3)재건축(공동주택),6)지정개발자, 657 
서울특별시,영등포구,미성아파트,3)추진위구성,3)재건축(공동주택),1)조합, 353 
서울특별시,영등포구,여의도시범아파트,4)조합설립인가,3)재건축(공동주택),6)지정개발자,2493 
서울특별시,영등포구,양평제10,3)추진위구성,2)재개발(도시정비),1)조합,0 
서울특별시,영등포구,목화아파트,4)조합설립인가,3)재건축(공동주택),1)조합, 428 
서울특별시,용산구,한남2재정비촉진,6)관리처분인가,1)재개발(주택정비),1)조합,1537 
서울특별시,용산구,한남3재정비촉진,6)관리처분인가,1)재개발(주택정비),1)조합,5988 
서울특별시,용산구,한남4재정비촉진,5)사업시행인가,1)재개발(주택정비),1)조합,2257 
서울특별시,용산구,한남5재정비촉진,4)조합설립인가,1)재개발(주택정비),1)조합,2560 
서울특별시,용산구,청화아파트,3)추진위구성,3)재건축(공동주택),1)조합, 724 
서울특별시,용산구,산호아파트,5)사업시행인가,3)재건축(공동주택),1)조합, 647 
서울특별시,용산구,신동아아파트(서빙고),4)조합설립인가,3)재건축(공동주택),1)조합,1326 
서울특별시,용산구,한강맨션,6)관리처분인가,3)재건축(공동주택),1)조합,1441 
서울특별시,용산구,한강삼익아파트,5)사업시행인가,3)재건축(공동주택),1)조합, 329 
서울특별시,용산구,왕궁아파트,4)조합설립인가,3)재건축(공동주택),1)조합, 300 
서울특별시,용산구,강변·강서아파트,17)사업시행자지정,3)재건축(공동주택),5)공동(2개이상), 204 
서울특별시,용산구,동자동2,6)관리처분인가,2)재개발(도시정비),6)지정개발자, 70 
서울특별시,용산구,용산역전면제1-2,3)추진위구성,2)재개발(도시정비),1)조합,0 
서울특별시,용산구,한강로,4)조합설립인가,2)재개발(도시정비),1)조합,0 
서울특별시,용산구,신용산역북측제1,5)사업시행인가,2)재개발(도시정비),1)조합, 337 
서울특별시,용산구,신용산역북측제2,5)사업시행인가,2)재개발(도시정비),1)조합, 340 
서울특별시,용산구,신용산역북측제3구역,2)정비구역지정,2)재개발(도시정비),1)조합,0 
서울특별시,용산구,정비창전면제1,4)조합설립인가,2)재개발(도시정비),1)조합, 777 
서울특별시,용산구,정비창전면2,2)정비구역지정,2)재개발(도시정비),1)조합,0 
서울특별시,용산구,정비창전면제3,4)조합설립인가,2)재개발(도시정비),1)조합, 128 
서울특별시,용산구,청파제1,4)조합설립인가,1)재개발(주택정비),1)조합, 697 
서울특별시,은평구,수색8재정비촉진,6)관리처분인가,1)재개발(주택정비),1)조합, 578 
서울특별시,은평구,증산5재정비촉진,6)관리처분인가,1)재개발(주택정비),1)조합,1704 
서울특별시,은평구,불광1(재건축),5)사업시행인가,4)재건축(단독주택),6)지정개발자, 499 
서울특별시,은평구,신사1,7)착공,4)재건축(단독주택),1)조합, 424 
서울특별시,은평구,갈현제1,7)착공,1)재개발(주택정비),1)조합,4116 
서울특별시,은평구,대조제1,7)착공,1)재개발(주택정비),1)조합,2451 
서울특별시,은평구,불광제5,6)관리처분인가,1)재개발(주택정비),1)조합,2387 
서울특별시,종로구,신영제1,6)관리처분인가,1)재개발(주택정비),1)조합, 199 
서울특별시,종로구,세운2,2)정비구역지정,2)재개발(도시정비),2)토지등소유자,0 
서울특별시,종로구,세운4,6)관리처분인가,2)재개발(도시정비),"4)공공(LH,SH,GH)",0 
서울특별시,종로구,돈의문2재정비촉진,6)관리처분인가,2)재개발(도시정비),2)토지등소유자, 228 
서울특별시,종로구,내자필운구역2-1지구(내자동),2)정비구역지정,2)재개발(도시정비),2)토지등소유자, 199 
서울특별시,종로구,내자필운구역2-2지구,2)정비구역지정,2)재개발(도시정비),2)토지등소유자,0 
서울특별시,종로구,사직2,2)정비구역지정,2)재개발(도시정비),1)조합, 534 
서울특별시,종로구,종로6가,2)정비구역지정,2)재개발(도시정비),2)토지등소유자, 234 
서울특별시,종로구,중학2-2지구,2)정비구역지정,2)재개발(도시정비),2)토지등소유자,0 
서울특별시,종로구,이화동성곽마을,2)정비구역지정,5)주거환경개선,"3)공공(지자체/시장,군수 등)",0 
서울특별시,종로구,충신동성곽마을,2)정비구역지정,5)주거환경개선,"3)공공(지자체/시장,군수 등)",0 
서울특별시,종로구,옥인동47번지일대,2)정비구역지정,5)주거환경개선,"3)공공(지자체/시장,군수 등)",0 
서울특별시,중구,신당제8,6)관리처분인가,1)재개발(주택정비),1)조합,1159 
서울특별시,중구,다산권성곽마을,2)정비구역지정,5)주거환경개선,"4)공공(LH,SH,GH)",0 
서울특별시,중구,서울역-서대문1·2구역제1지구,7)착공,2)재개발(도시정비),2)토지등소유자, 해당없음 
서울특별시,중구,수표,7)착공,2)재개발(도시정비),2)토지등소유자, 해당없음 
서울특별시,중구,을지로3가구역제3지구,2)정비구역지정,2)재개발(도시정비),1)조합,0 
서울특별시,중구,을지로3가구역제4지구,2)정비구역지정,2)재개발(도시정비),1)조합,0 
서울특별시,중구,을지로3가구역제5지구,2)정비구역지정,2)재개발(도시정비),1)조합,0 
서울특별시,중구,을지로3가구역제6지구,7)착공,2)재개발(도시정비),6)지정개발자, 해당없음 
서울특별시,중구,을지로3가구역제7지구,2)정비구역지정,2)재개발(도시정비),2)토지등소유자,0 
서울특별시,중구,을지로3가구역제8지구,2)정비구역지정,2)재개발(도시정비),2)토지등소유자,0 
서울특별시,중구,을지로3가구역제9지구,7)착공,2)재개발(도시정비),2)토지등소유자, 108 
서울특별시,중구,을지로3가구역제10지구,7)착공,2)재개발(도시정비),2)토지등소유자, 해당없음 
서울특별시,중구,을지로3가구역제11지구,2)정비구역지정,2)재개발(도시정비),1)조합,0 
서울특별시,중구,을지로3가구역제12지구,7)착공,2)재개발(도시정비),2)토지등소유자, 해당없음 
서울특별시,중구,을지로3가구역제13지구,2)정비구역지정,2)재개발(도시정비),2)토지등소유자,0 
서울특별시,중구,봉래제2지구,2)정비구역지정,2)재개발(도시정비),2)토지등소유자,0 
서울특별시,중구,봉래제3지구,6)관리처분인가,2)재개발(도시정비),2)토지등소유자, 해당없음 
서울특별시,중구,봉래제4지구,2)정비구역지정,2)재개발(도시정비),1)조합,0 
서울특별시,중구,봉래제5지구,2)정비구역지정,2)재개발(도시정비),1)조합,0 
서울특별시,중구,봉래제6지구,2)정비구역지정,2)재개발(도시정비),1)조합,0 
서울특별시,중랑구,염광아파트(망우1),17)사업시행자지정,3)재건축(공동주택),5)공동(2개이상), 581 
서울특별시,중랑구,상봉7재정비촉진,5)사업시행인가,2)재개발(도시정비),1)조합, 871 
서울특별시,중랑구,중화동324번지일대,3)추진위구성,4)재건축(단독주택),"3)공공(지자체/시장,군수 등)", 365 
서울특별시,종로구,공평F1,2)정비구역지정,2)재개발(도시정비),2)토지등소유자,0 
서울특별시,중구,남대문제3지구,2)정비구역지정,2)재개발(도시정비),"3)공공(지자체/시장,군수 등)",0 
서울특별시,중구,남대문-11,2)정비구역지정,2)재개발(도시정비),1)조합,0 
서울특별시,중구,남대문-13,2)정비구역지정,2)재개발(도시정비),1)조합,0 
서울특별시,중구,남대문-14,2)정비구역지정,2)재개발(도시정비),1)조합,0 
서울특별시,중구,남대문-15,2)정비구역지정,2)재개발(도시정비),1)조합,0 
서울특별시,관악구,"뉴서울아파트,개나리·열망연립",5)사업시행인가,3)재건축(공동주택),6)지정개발자, 306 
서울특별시,마포구,마포로1-34,2)정비구역지정,2)재개발(도시정비),2)토지등소유자, 44 
서울특별시,마포구,마포로1-36,2)정비구역지정,2)재개발(도시정비),"3)공공(지자체/시장,군수 등)",0 
서울특별시,마포구,마포로1-38,2)정비구역지정,2)재개발(도시정비),"3)공공(지자체/시장,군수 등)",0 
서울특별시,마포구,마포로1-43,2)정비구역지정,2)재개발(도시정비),"3)공공(지자체/시장,군수 등)",0 
서울특별시,마포구,마포로1-51,2)정비구역지정,2)재개발(도시정비),"3)공공(지자체/시장,군수 등)",0 
서울특별시,마포구,마포로3구역제1지구,7)착공,2)재개발(도시정비),2)토지등소유자, 403 
서울특별시,마포구,마포로3-8-1,2)정비구역지정,2)재개발(도시정비),"3)공공(지자체/시장,군수 등)",0 
서울특별시,마포구,마포로3-8-2,2)정비구역지정,2)재개발(도시정비),"3)공공(지자체/시장,군수 등)",0 
서울특별시,중구,마포로5-09-1,7)착공,2)재개발(도시정비),2)토지등소유자, 101 
서울특별시,중구,명동구역제2지구,6)관리처분인가,2)재개발(도시정비),1)조합, 해당없음 
서울특별시,중구,무교·다동구역제21지구,2)정비구역지정,2)재개발(도시정비),2)토지등소유자,0 
서울특별시,중구,무교·다동구역제30지구,2)정비구역지정,2)재개발(도시정비),2)토지등소유자,0 
서울특별시,강북구,미아7,6)관리처분인가,1)재개발(주택정비),"3)공공(지자체/시장,군수 등)", 250 
서울특별시,중랑구,상봉9재정비촉진,7)착공,2)재개발(도시정비),2)토지등소유자, 999 
서울특별시,중구,서-서1·2제2-2지구,2)정비구역지정,2)재개발(도시정비),2)토지등소유자,0 
서울특별시,중구,서-서1·2-04-1,2)정비구역지정,2)재개발(도시정비),2)토지등소유자,0 
서울특별시,중구,서소문-01-1,2)정비구역지정,2)재개발(도시정비),2)토지등소유자,0 
서울특별시,중구,서소문-08-1,2)정비구역지정,2)재개발(도시정비),1)조합,0 
서울특별시,중구,서소문-08-3,2)정비구역지정,2)재개발(도시정비),1)조합,0 
서울특별시,성동구,성수1,4)조합설립인가,4)재건축(단독주택),1)조합, 322 
서울특별시,중구,소공4-02,2)정비구역지정,2)재개발(도시정비),1)조합,0 
서울특별시,은평구,수색12,2)정비구역지정,2)재개발(도시정비),1)조합,0 
서울특별시,은평구,수색1재정비촉진,4)조합설립인가,2)재개발(도시정비),1)조합,0 
서울특별시,은평구,수색3,2)정비구역지정,2)재개발(도시정비),1)조합,0 
서울특별시,은평구,수색5,2)정비구역지정,2)재개발(도시정비),1)조합, 65 
서울특별시,종로구,수송구역제1-1지구,2)정비구역지정,2)재개발(도시정비),2)토지등소유자,0 
서울특별시,종로구,수송구역제1-2지구,2)정비구역지정,2)재개발(도시정비),2)토지등소유자,0 
서울특별시,종로구,수송구역제1-3지구,5)사업시행인가,2)재개발(도시정비),"3)공공(지자체/시장,군수 등)",0 
서울특별시,종로구,수송구역제1-7지구,5)사업시행인가,2)재개발(도시정비),2)토지등소유자,0 
서울특별시,종로구,수송구역제1-8지구,2)정비구역지정,2)재개발(도시정비),2)토지등소유자,0 
서울특별시,중구,순화-01-2,7)착공,2)재개발(도시정비),2)토지등소유자, 해당없음 
서울특별시,구로구,신도림동293번지일대,2)정비구역지정,2)재개발(도시정비),2)토지등소유자,2722 
서울특별시,관악구,신림1재정비촉진,5)사업시행인가,1)재개발(주택정비),1)조합,4185 
서울특별시,관악구,신림2재정비촉진,6)관리처분인가,1)재개발(주택정비),1)조합,1430 
서울특별시,마포구,신촌지역(마포)1-3지구,2)정비구역지정,2)재개발(도시정비),2)토지등소유자,0 
서울특별시,마포구,신촌지역(마포)1-4지구,2)정비구역지정,2)재개발(도시정비),2)토지등소유자,0 
서울특별시,마포구,신촌지역(마포)2-2지구,2)정비구역지정,2)재개발(도시정비),2)토지등소유자,0 
서울특별시,마포구,신촌지역(마포)2-7지구,6)관리처분인가,2)재개발(도시정비),2)토지등소유자, 196 
서울특별시,마포구,신촌지역(마포)2-8지구,2)정비구역지정,2)재개발(도시정비),2)토지등소유자,0 
서울특별시,마포구,신촌지역(마포)3-1지구,2)정비구역지정,2)재개발(도시정비),2)토지등소유자,0 
서울특별시,마포구,신촌지역(마포)3-2지구,2)정비구역지정,2)재개발(도시정비),2)토지등소유자,0 
서울특별시,마포구,신촌지역(마포)4-10지구,6)관리처분인가,2)재개발(도시정비),2)토지등소유자, 295 
서울특별시,마포구,신촌지역(마포)4-12지구,6)관리처분인가,2)재개발(도시정비),2)토지등소유자, 216 
서울특별시,마포구,신촌지역(마포)4-13지구,2)정비구역지정,2)재개발(도시정비),2)토지등소유자,0 
서울특별시,마포구,신촌지역(마포)4-14지구,2)정비구역지정,2)재개발(도시정비),2)토지등소유자,0 
서울특별시,마포구,신촌지역(마포)4-16지구,2)정비구역지정,2)재개발(도시정비),2)토지등소유자,0 
서울특별시,마포구,신촌지역(마포)4-19지구,2)정비구역지정,2)재개발(도시정비),2)토지등소유자,0 
서울특별시,마포구,신촌지역(마포)4-2지구,2)정비구역지정,2)재개발(도시정비),2)토지등소유자,0 
서울특별시,마포구,신촌지역(마포)4-5지구,2)정비구역지정,2)재개발(도시정비),2)토지등소유자, 40 
서울특별시,마포구,신촌지역(마포)4-7지구,2)정비구역지정,2)재개발(도시정비),2)토지등소유자,0 
서울특별시,마포구,신촌지역(마포)4-9지구,6)관리처분인가,2)재개발(도시정비),2)토지등소유자, 286 
서울특별시,중구,양동구역제4-2·7,6)관리처분인가,2)재개발(도시정비),2)토지등소유자, 해당없음 
서울특별시,중구,을지로2가구역제1·3·6·18지구,2)정비구역지정,2)재개발(도시정비),2)토지등소유자, 해당없음 
서울특별시,광진구,중곡아파트,17)사업시행자지정,3)재건축(공동주택),5)공동(2개이상), 348 
서울특별시,중랑구,중화3재정비촉진,7)착공,2)재개발(도시정비),6)지정개발자, 176 
서울특별시,중구,회현-04-2,2)정비구역지정,2)재개발(도시정비),2)토지등소유자,0 
서울특별시,광진구,자양한양아파트,3)추진위구성,3)재건축(공동주택),1)조합, 859 
서울특별시,서초구,방배15,4)조합설립인가,4)재건축(단독주택),1)조합,1688 
서울특별시,서초구,방배신동아아파트,6)관리처분인가,3)재건축(공동주택),1)조합, 843 
서울특별시,강남구,개포경남아파트,2)정비구역지정,3)재건축(공동주택),1)조합,2343 
서울특별시,동대문구,답십리17,7)착공,1)재개발(주택정비),"4)공공(LH,SH,GH)", 326 
서울특별시,마포구,마포4-3,2)정비구역지정,2)재개발(도시정비),2)토지등소유자,0 
서울특별시,마포구,마포4-8,2)정비구역지정,2)재개발(도시정비),2)토지등소유자,0 
서울특별시,마포구,신촌지역(마포)4-1,6)관리처분인가,2)재개발(도시정비),2)토지등소유자, 133 
서울특별시,마포구,마포4-11,2)정비구역지정,2)재개발(도시정비),2)토지등소유자,0 
서울특별시,마포구,마포4-4,2)정비구역지정,2)재개발(도시정비),2)토지등소유자,0 
서울특별시,마포구,마포4-6,2)정비구역지정,2)재개발(도시정비),2)토지등소유자,0 
서울특별시,마포구,마포3-4,2)정비구역지정,2)재개발(도시정비),2)토지등소유자,0 
서울특별시,마포구,마포1-1,2)정비구역지정,2)재개발(도시정비),2)토지등소유자,0 
서울특별시,마포구,마포2-4,2)정비구역지정,2)재개발(도시정비),2)토지등소유자,0 
서울특별시,마포구,마포2-1,2)정비구역지정,2)재개발(도시정비),2)토지등소유자,0 
서울특별시,마포구,마포2-6,2)정비구역지정,2)재개발(도시정비),2)토지등소유자,0 
서울특별시,마포구,마포2-5,2)정비구역지정,2)재개발(도시정비),2)토지등소유자,0 
서울특별시,마포구,마포2-3,2)정비구역지정,2)재개발(도시정비),2)토지등소유자,0 
서울특별시,마포구,마포2-9,2)정비구역지정,2)재개발(도시정비),2)토지등소유자,0 
서울특별시,마포구,마포로1-14,2)정비구역지정,2)재개발(도시정비),2)토지등소유자,0 
서울특별시,마포구,마포4-17,2)정비구역지정,2)재개발(도시정비),2)토지등소유자,0 
서울특별시,마포구,마포4-18,2)정비구역지정,2)재개발(도시정비),2)토지등소유자,0 
서울특별시,서대문구,마포로4-2,2)정비구역지정,2)재개발(도시정비),1)조합,0 
서울특별시,서대문구,마포로4-1,2)정비구역지정,2)재개발(도시정비),2)토지등소유자, 100 
서울특별시,서대문구,마포로4-7,2)정비구역지정,2)재개발(도시정비),1)조합,0 
서울특별시,서대문구,마포로4-5,2)정비구역지정,2)재개발(도시정비),1)조합,0 
서울특별시,서대문구,마포로5-3,2)정비구역지정,2)재개발(도시정비),2)토지등소유자,0 
서울특별시,서대문구,마포로5-4,2)정비구역지정,2)재개발(도시정비),2)토지등소유자,0 
서울특별시,서대문구,마포로5-8,2)정비구역지정,2)재개발(도시정비),1)조합,0 
서울특별시,종로구,청진18,2)정비구역지정,2)재개발(도시정비),2)토지등소유자,0 
서울특별시,종로구,도렴16,2)정비구역지정,2)재개발(도시정비),1)조합,0 
서울특별시,종로구,도렴17,2)정비구역지정,1)재개발(주택정비),1)조합,0 
서울특별시,종로구,도렴10,2)정비구역지정,2)재개발(도시정비),1)조합,0 
서울특별시,종로구,삼청2,2)정비구역지정,1)재개발(주택정비),2)토지등소유자, 144 
서울특별시,종로구,서린4,2)정비구역지정,2)재개발(도시정비),2)토지등소유자,0 
서울특별시,종로구,서린5,2)정비구역지정,1)재개발(주택정비),1)조합,0 
서울특별시,종로구,세종로3,2)정비구역지정,1)재개발(주택정비),1)조합,0 
서울특별시,종로구,세종로5,2)정비구역지정,2)재개발(도시정비),1)조합,0 
서울특별시,종로구,"도렴8,9",2)정비구역지정,2)재개발(도시정비),1)조합,0 
서울특별시,종로구,인사동일대수복형(소단위맞춤형),2)정비구역지정,2)재개발(도시정비),2)토지등소유자,0 
서울특별시,종로구,공평구역제15·16지구,7)착공,2)재개발(도시정비),2)토지등소유자, 해당없음 
서울특별시,종로구,청진9,2)정비구역지정,2)재개발(도시정비),2)토지등소유자,0 
서울특별시,종로구,청진4,2)정비구역지정,2)재개발(도시정비),2)토지등소유자,0 
서울특별시,종로구,청진10,2)정비구역지정,2)재개발(도시정비),2)토지등소유자,0 
서울특별시,종로구,청진11,2)정비구역지정,2)재개발(도시정비),2)토지등소유자,0 
서울특별시,강북구,양지마을,7)착공,5)주거환경개선,"3)공공(지자체/시장,군수 등)",0 
서울특별시,강북구,인수봉숲길마을,7)착공,5)주거환경개선,"3)공공(지자체/시장,군수 등)",0 
서울특별시,관악구,굴참마을,2)정비구역지정,5)주거환경개선,1)조합,0 
서울특별시,구로구,한뜻모아마을,5)사업시행인가,5)주거환경개선,"3)공공(지자체/시장,군수 등)",0 
서울특별시,노원구,상계4-1지구,2)정비구역지정,5)주거환경개선,"3)공공(지자체/시장,군수 등)",0 
서울특별시,동대문구,휘경마을,2)정비구역지정,5)주거환경개선,"3)공공(지자체/시장,군수 등)",0 
서울특별시,성북구,369성곽마을,2)정비구역지정,5)주거환경개선,"3)공공(지자체/시장,군수 등)",0 
서울특별시,성북구,삼태기마을,2)정비구역지정,5)주거환경개선,"3)공공(지자체/시장,군수 등)",0 
서울특별시,성북구,한천마을,2)정비구역지정,5)주거환경개선,"3)공공(지자체/시장,군수 등)",0 
서울특별시,성북구,정릉정든마을,2)정비구역지정,5)주거환경개선,"3)공공(지자체/시장,군수 등)",0 
서울특별시,성북구,정릉동삼덕마을,2)정비구역지정,5)주거환경개선,"3)공공(지자체/시장,군수 등)",0 
서울특별시,영등포구,대림동1,2)정비구역지정,5)주거환경개선,1)조합,0 
서울특별시,영등포구,조롱박마을,2)정비구역지정,5)주거환경개선,1)조합,0 
서울특별시,종로구,혜화명륜성곽마을,2)정비구역지정,5)주거환경개선,1)조합,0 
서울특별시,종로구,부암성곽마을,2)정비구역지정,5)주거환경개선,1)조합,0 
서울특별시,종로구,행촌성곽마을,2)정비구역지정,5)주거환경개선,1)조합,0 
서울특별시,중구,신당9,4)조합설립인가,1)재개발(주택정비),1)조합, 315 
서울특별시,은평구,신사동200일대,2)정비구역지정,4)재건축(단독주택),1)조합,1536 
서울특별시,성북구,장위15재정비촉진,4)조합설립인가,1)재개발(주택정비),1)조합,3318 
서울특별시,은평구,불광8,2)정비구역지정,1)재개발(주택정비),1)조합, 321 
서울특별시,종로구,공평구역제17지구,2)정비구역지정,2)재개발(도시정비),2)토지등소유자,0 
서울특별시,종로구,서린02,2)정비구역지정,2)재개발(도시정비),2)토지등소유자,0 
서울특별시,종로구,서린17-2,2)정비구역지정,2)재개발(도시정비),2)토지등소유자,0 
서울특별시,종로구,서린18,2)정비구역지정,2)재개발(도시정비),2)토지등소유자,0 
서울특별시,종로구,세종로1,2)정비구역지정,2)재개발(도시정비),2)토지등소유자,0 
서울특별시,종로구,수송구역제1-4지구,2)정비구역지정,2)재개발(도시정비),2)토지등소유자,0 
서울특별시,종로구,수송구역제1-6지구,2)정비구역지정,2)재개발(도시정비),2)토지등소유자,0 
서울특별시,종로구,수송구역제1-10지구,2)정비구역지정,2)재개발(도시정비),2)토지등소유자,0 
서울특별시,강남구,압구정아파트지구특별계획구역1,3)추진위구성,3)재건축(공동주택),1)조합,1233 
서울특별시,강남구,압구정아파트지구특별계획구역2,4)조합설립인가,3)재건축(공동주택),1)조합,2571 
서울특별시,노원구,광운대역세권,2)정비구역지정,2)재개발(도시정비),2)토지등소유자, 164 
서울특별시,동작구,신대방역세권,3)추진위구성,2)재개발(도시정비),2)토지등소유자,1459 
서울특별시,양천구,수정아파트,6)관리처분인가,3)재건축(공동주택),1)조합, 276 
서울특별시,중구,세운6-3-3,7)착공,2)재개발(도시정비),6)지정개발자, 해당없음 
서울특별시,중구,양동구역제11·12지구,6)관리처분인가,2)재개발(도시정비),2)토지등소유자,0 
서울특별시,영등포구,영등포도심역세권,4)조합설립인가,2)재개발(도시정비),1)조합, 993 
서울특별시,강동구,천호우성아파트,6)관리처분인가,3)재건축(공동주택),1)조합, 629 
서울특별시,강동구,삼익그린2차,4)조합설립인가,3)재건축(공동주택),1)조합,2400 
서울특별시,구로구,남구로역세권공공임대주택,5)사업시행인가,2)재개발(도시정비),2)토지등소유자, 299 
서울특별시,양천구,신정동1152번지일대,4)조합설립인가,1)재개발(주택정비),1)조합, 956 
서울특별시,중구,신당제10,4)조합설립인가,1)재개발(주택정비),1)조합,1423 
서울특별시,중구,중림동398번지일대,4)조합설립인가,1)재개발(주택정비),1)조합, 791 
서울특별시,마포구,염리동488-14번지일대,3)추진위구성,1)재개발(주택정비),1)조합,1120 
서울특별시,동대문구,답십리자동차부품상가,5)사업시행인가,2)재개발(도시정비),1)조합, 618 
서울특별시,마포구,마포로1구역제10지구,5)사업시행인가,2)재개발(도시정비),1)조합, 231 
서울특별시,서초구,강남원효성빌라,4)조합설립인가,3)재건축(공동주택),1)조합, 103 
서울특별시,송파구,대림가락아파트,4)조합설립인가,3)재건축(공동주택),1)조합, 925 
서울특별시,송파구,송파미성아파트,4)조합설립인가,3)재건축(공동주택),1)조합, 810 
서울특별시,송파구,가락미륭아파트,6)관리처분인가,3)재건축(공동주택),1)조합, 614 
서울특별시,강동구,천호동532-2번지일대,4)조합설립인가,1)재개발(주택정비),1)조합, 568 
서울특별시,금천구,"독산동4,5구역",3)추진위구성,4)재건축(단독주택),1)조합, 548 
서울특별시,노원구,상계주공5단지,5)사업시행인가,3)재건축(공동주택),6)지정개발자, 996 
서울특별시,강서구,유풍연립,3)추진위구성,3)재건축(공동주택),1)조합, 70 
서울특별시,영등포구,영등포대선제분일대1구역제1지구,5)사업시행인가,2)재개발(도시정비),6)지정개발자, 141 
서울특별시,영등포구,국화아파트,4)조합설립인가,3)재건축(공동주택),6)지정개발자, 662 
서울특별시,영등포구,신길우성2차·우창아파트,5)사업시행인가,3)재건축(공동주택),6)지정개발자,1212 
서울특별시,영등포구,삼부아파트,3)추진위구성,3)재건축(공동주택),1)조합, 866 
서울특별시,영등포구,여의도대교아파트,5)사업시행인가,3)재건축(공동주택),1)조합, 576 
서울특별시,은평구,연신내구역,6)관리처분인가,2)재개발(도시정비),5)공동(2개이상), 77 
서울특별시,관악구,봉천제13구역,17)사업시행자지정,1)재개발(주택정비),"4)공공(LH,SH,GH)", 464 
서울특별시,동작구,흑석2구역,17)사업시행자지정,2)재개발(도시정비),"4)공공(LH,SH,GH)",1012 
서울특별시,강북구,강북5구역,17)사업시행자지정,2)재개발(도시정비),5)공동(2개이상), 688 
서울특별시,종로구,신문로2구역_12지구,17)사업시행자지정,2)재개발(도시정비),"4)공공(LH,SH,GH)", 128 
서울특별시,서대문구,홍은1구역,17)사업시행자지정,2)재개발(도시정비),5)공동(2개이상), 329 
서울특별시,서대문구,충정로1,17)사업시행자지정,1)재개발(주택정비),"4)공공(LH,SH,GH)", 297 
서울특별시,강동구,천호A1-1,17)사업시행자지정,1)재개발(주택정비),"4)공공(LH,SH,GH)", 757 
서울특별시,송파구,거여새마을구역,5)사업시행인가,1)재개발(주택정비),"4)공공(LH,SH,GH)",1678 
서울특별시,성북구,장위9구역,17)사업시행자지정,1)재개발(주택정비),"4)공공(LH,SH,GH)",2270 
서울특별시,성북구,장위8구역,17)사업시행자지정,1)재개발(주택정비),5)공동(2개이상),2846 
서울특별시,동대문구,전농9구역,17)사업시행자지정,1)재개발(주택정비),5)공동(2개이상),1159 
서울특별시,성북구,성북1구역,17)사업시행자지정,1)재개발(주택정비),"4)공공(LH,SH,GH)",1826 
서울특별시,서대문구,연희2,17)사업시행자지정,1)재개발(주택정비),5)공동(2개이상),1067 
서울특별시,노원구,상계3구역,17)사업시행자지정,1)재개발(주택정비),"4)공공(LH,SH,GH)",2550 
서울특별시,양천구,신월7동_2구역,17)사업시행자지정,1)재개발(주택정비),5)공동(2개이상),2249 
서울특별시,중랑구,중화5구역,17)사업시행자지정,1)재개발(주택정비),5)공동(2개이상),1610 
서울특별시,동대문구,신설제1구역,5)사업시행인가,1)재개발(주택정비),"4)공공(LH,SH,GH)", 299 
서울특별시,종로구,공평구역소단위공동개발지구,6)관리처분인가,2)재개발(도시정비),2)토지등소유자,0 
서울특별시,서대문구,가재울9재정비촉진,17)사업시행자지정,1)재개발(주택정비),"4)공공(LH,SH,GH)", 239 
서울특별시,강남구,개포우성7차아파트,4)조합설립인가,3)재건축(공동주택),1)조합,1234 
서울특별시,서초구,신반포19차25차아파트,4)조합설립인가,3)재건축(공동주택),1)조합, 447 
서울특별시,강남구,개포우성6차아파트,4)조합설립인가,3)재건축(공동주택),1)조합, 417 
서울특별시,강남구,개포우성4차아파트,4)조합설립인가,3)재건축(공동주택),1)조합,1080 
서울특별시,종로구,창신1구역1-4지구,2)정비구역지정,2)재개발(도시정비),2)토지등소유자,0 
서울특별시,종로구,창신1구역1-5지구,2)정비구역지정,2)재개발(도시정비),2)토지등소유자,0 
서울특별시,강동구,강동역역세권활성화,2)정비구역지정,2)재개발(도시정비),2)토지등소유자,1118 
서울특별시,종로구,창신1구역1-6지구,4)조합설립인가,2)재개발(도시정비),6)지정개발자,0 
서울특별시,종로구,창신1구역1-7지구,2)정비구역지정,2)재개발(도시정비),2)토지등소유자,0 
서울특별시,종로구,창신1구역1-8지구,2)정비구역지정,2)재개발(도시정비),2)토지등소유자,0 
서울특별시,종로구,창신2구역2-1지구,2)정비구역지정,2)재개발(도시정비),2)토지등소유자,0 
서울특별시,강동구,천호8촉진,4)조합설립인가,2)재개발(도시정비),1)조합, 520 
서울특별시,강동구,천호동397-419번지일대,4)조합설립인가,1)재개발(주택정비),2)토지등소유자, 420 
서울특별시,구로구,천왕2역세권공공임대주택,2)정비구역지정,2)재개발(도시정비),2)토지등소유자, 421 
서울특별시,영등포구,신길1,17)사업시행자지정,1)재개발(주택정비),"4)공공(LH,SH,GH)",1483 
서울특별시,종로구,창신2구역2-2지구,2)정비구역지정,2)재개발(도시정비),,0 
서울특별시,영등포구,여의도진주아파트,3)추진위구성,3)재건축(공동주택),1)조합, 해당없음 
서울특별시,종로구,창신3구역,2)정비구역지정,2)재개발(도시정비),2)토지등소유자,0 
서울특별시,종로구,창신4구역4-1지구,3)추진위구성,2)재개발(도시정비),1)조합,0 
서울특별시,영등포구,여의도한양아파트,5)사업시행인가,3)재건축(공동주택),6)지정개발자, 992 
서울특별시,성동구,마장세림아파트,4)조합설립인가,3)재건축(공동주택),1)조합, 996 
서울특별시,영등포구,여의도공작아파트,2)정비구역지정,3)재건축(공동주택),6)지정개발자, 582 
서울특별시,영등포구,문래동1가A구역5지구,6)관리처분인가,2)재개발(도시정비),2)토지등소유자, 해당없음 
서울특별시,광진구,신향빌라,2)정비구역지정,3)재건축(공동주택),1)조합, 해당없음 
서울특별시,동대문구,용두1재정비촉진구역제4지구,4)조합설립인가,2)재개발(도시정비),6)지정개발자, 60 
서울특별시,마포구,합정7,6)관리처분인가,2)재개발(도시정비),2)토지등소유자, 198 
서울특별시,마포구,마포로1구역제58-2지구,7)착공,2)재개발(도시정비),2)토지등소유자, 196 
서울특별시,동대문구,용두1재정비촉진구역제6지구,17)사업시행자지정,2)재개발(도시정비),5)공동(2개이상), 977 
서울특별시,서대문구,마포로5구역제3-1지구,2)정비구역지정,2)재개발(도시정비),2)토지등소유자,0 
서울특별시,동대문구,청량리1재정비촉진,2)정비구역지정,2)재개발(도시정비),2)토지등소유자,0 
서울특별시,용산구,정비창전면제2-1,2)정비구역지정,2)재개발(도시정비),2)토지등소유자, 162 
서울특별시,용산구,정비창전면제2-3,2)정비구역지정,2)재개발(도시정비),2)토지등소유자,0 
서울특별시,용산구,정비창전면제2-4,2)정비구역지정,2)재개발(도시정비),2)토지등소유자,0 
서울특별시,용산구,남영동업무지구제2구역,4)조합설립인가,2)재개발(도시정비),1)조합, 532 
서울특별시,중구,서소문구역제10지구,7)착공,2)재개발(도시정비),5)공동(2개이상), 해당없음 
서울특별시,중구,남대문구역제7-1지구,5)사업시행인가,2)재개발(도시정비),2)토지등소유자, 267 
서울특별시,중구,무교·다동구역제16지구,2)정비구역지정,2)재개발(도시정비),2)토지등소유자, 해당없음 
서울특별시,종로구,창신1구역1-1지구,2)정비구역지정,2)재개발(도시정비),2)토지등소유자,0 
서울특별시,종로구,창신1구역1-2지구,2)정비구역지정,2)재개발(도시정비),2)토지등소유자,0 
서울특별시,종로구,창신1구역1-3지구,2)정비구역지정,2)재개발(도시정비),2)토지등소유자,0 
서울특별시,강서구,방화5재정비촉진구역,6)관리처분인가,4)재건축(단독주택),1)조합,1657 
서울특별시,금천구,시흥1,2)정비구역지정,1)재개발(주택정비),1)조합,1170 
서울특별시,금천구,독산시흥,4)조합설립인가,1)재개발(주택정비),6)지정개발자,2072 
서울특별시,영등포구,광장아파트38-1,4)조합설립인가,3)재건축(공동주택),1)조합, 168 
서울특별시,종로구,공평구역제18지구,2)정비구역지정,2)재개발(도시정비),2)토지등소유자,0 
서울특별시,종로구,세종로4,2)정비구역지정,2)재개발(도시정비),1)조합,0 
서울특별시,중구,마포로5구역10·11지구,7)착공,2)재개발(도시정비),2)토지등소유자, 299 
서울특별시,중구,서소문구역제11·12지구,6)관리처분인가,2)재개발(도시정비),2)토지등소유자, 해당없음 
서울특별시,강서구,방화2재정비촉진,4)조합설립인가,1)재개발(주택정비),6)지정개발자, 740 
서울특별시,강남구,압구정아파트지구특별계획구역⑥,4)조합설립인가,3)재건축(공동주택),1)조합, 836 
서울특별시,중랑구,중화우성타운,4)조합설립인가,3)재건축(공동주택),6)지정개발자, 219 
서울특별시,구로구,고척동253번지일대,2)정비구역지정,1)재개발(주택정비),1)조합,1469 
서울특별시,구로구,가리봉2구역,2)정비구역지정,1)재개발(주택정비),1)조합,1214 
서울특별시,구로구,가리봉1구역,3)추진위구성,1)재개발(주택정비),1)조합,2259 
서울특별시,구로구,천왕역세권공공임대주택,7)착공,2)재개발(도시정비),2)토지등소유자, 440 
서울특별시,도봉구,삼환도봉아파트,4)조합설립인가,3)재건축(공동주택),6)지정개발자, 993 
서울특별시,도봉구,방학신동아1단지,2)정비구역지정,3)재건축(공동주택),1)조합,4099 
서울특별시,도봉구,쌍문한양1차아파트,4)조합설립인가,3)재건축(공동주택),1)조합,1150 
서울특별시,도봉구,창동상아1차아파트,4)조합설립인가,3)재건축(공동주택),6)지정개발자, 980 
서울특별시,양천구,목동아파트1단지,4)조합설립인가,3)재건축(공동주택),6)지정개발자,4050 
서울특별시,양천구,목동아파트2단지,4)조합설립인가,3)재건축(공동주택),6)지정개발자,3389 
서울특별시,양천구,목동아파트3단지,3)추진위구성,3)재건축(공동주택),1)조합,3317 
서울특별시,양천구,목동아파트4단지,3)추진위구성,3)재건축(공동주택),1)조합,2436 
서울특별시,양천구,목동아파트5단지,4)조합설립인가,3)재건축(공동주택),6)지정개발자,3930 
서울특별시,구로구,한효아파트,2)정비구역지정,3)재건축(공동주택),1)조합, 440 
서울특별시,동대문구,휘경제5,2)정비구역지정,1)재개발(주택정비),1)조합, 634 
서울특별시,강남구,도곡우성아파트,4)조합설립인가,3)재건축(공동주택),1)조합, 561 
서울특별시,동대문구,청량리미주아파트,2)정비구역지정,3)재건축(공동주택),1)조합,1370 
서울특별시,성동구,금호제21,4)조합설립인가,1)재개발(주택정비),1)조합,1219 
서울특별시,강남구,논현동현아파트,3)추진위구성,3)재건축(공동주택),1)조합, 905 
서울특별시,중랑구,면목7구역,4)조합설립인가,1)재개발(주택정비),1)조합,1510 
서울특별시,중랑구,상봉10재정비촉진,3)추진위구성,2)재개발(도시정비),1)조합, 498 
서울특별시,동대문구,신이문역세권,4)조합설립인가,2)재개발(도시정비),2)토지등소유자,1265 
서울특별시,중구,을지로3가1·2지구,7)착공,2)재개발(도시정비),6)지정개발자, 해당없음 
서울특별시,중구,무교다동-29,6)관리처분인가,2)재개발(도시정비),2)토지등소유자, 해당없음 
서울특별시,중구,무교다동-31,7)착공,2)재개발(도시정비),2)토지등소유자, 해당없음 
서울특별시,중구,명동-1,7)착공,2)재개발(도시정비),1)조합, 해당없음 
서울특별시,중구,"세운6-4-22,23",5)사업시행인가,2)재개발(도시정비),2)토지등소유자, 해당없음 
서울특별시,중구,"세운3-2,3",7)착공,2)재개발(도시정비),2)토지등소유자, 해당없음 
서울특별시,중구,"세운3-8,9,10",5)사업시행인가,2)재개발(도시정비),2)토지등소유자, 해당없음 
서울특별시,중구,"세운5-1,3",6)관리처분인가,2)재개발(도시정비),2)토지등소유자, 해당없음 
서울특별시,강서구,공항시장정비사업,6)관리처분인가,2)재개발(도시정비),1)조합, 209 
서울특별시,도봉구,쌍문3구역,4)조합설립인가,1)재개발(주택정비),1)조합, 320 
서울특별시,강동구,천호A1-2,4)조합설립인가,1)재개발(주택정비),1)조합, 781 
서울특별시,마포구,공덕7,4)조합설립인가,1)재개발(주택정비),2)토지등소유자, 703 
서울특별시,송파구,가락우성1차,4)조합설립인가,3)재건축(공동주택),1)조합, 967 
서울특별시,서초구,반포미도1차,4)조합설립인가,3)재건축(공동주택),1)조합,1739 
서울특별시,서대문구,충현2구역,2)정비구역지정,2)재개발(도시정비),2)토지등소유자,0 
서울특별시,중구,광희동1가303-1일원,2)정비구역지정,2)재개발(도시정비),2)토지등소유자,0 
서울특별시,양천구,목동6단지,4)조합설립인가,3)재건축(공동주택),1)조합,2173 
서울특별시,구로구,서울가든빌라,2)정비구역지정,3)재건축(공동주택),1)조합, 653 
서울특별시,송파구,오금현대아파트,4)조합설립인가,3)재건축(공동주택),1)조합,2436 
서울특별시,종로구,숭인동56일대,2)정비구역지정,1)재개발(주택정비),6)지정개발자, 974 
서울특별시,종로구,창신동23일대,2)정비구역지정,1)재개발(주택정비),1)조합,1038 
서울특별시,서초구,방배임광3차,2)정비구역지정,3)재건축(공동주택),1)조합, 379 
서울특별시,성동구,왕십리역세권4,3)추진위구성,2)재개발(도시정비),1)조합, 631 
서울특별시,마포구,공덕8,3)추진위구성,1)재개발(주택정비),1)조합,1564 
서울특별시,송파구,마천5재정비촉진,4)조합설립인가,1)재개발(주택정비),1)조합,2041 
서울특별시,구로구,우신빌라,2)정비구역지정,3)재건축(공동주택),1)조합,1127 
서울특별시,마포구,성산시영아파트,4)조합설립인가,3)재건축(공동주택),1)조합,4823 
서울특별시,중랑구,상봉13구역,3)추진위구성,1)재개발(주택정비),1)조합,1249 
서울특별시,동대문구,전농13구역,2)정비구역지정,2)재개발(도시정비),1)조합, 949 
서울특별시,양천구,목동8단지아파트,4)조합설립인가,3)재건축(공동주택),1)조합,1881 
서울특별시,구로구,구로우성아파트,4)조합설립인가,3)재건축(공동주택),6)지정개발자, 522 
서울특별시,양천구,목동12단지아파트,4)조합설립인가,4)재건축(단독주택),1)조합,2810 
서울특별시,양천구,목동13단지아파트,4)조합설립인가,4)재건축(단독주택),6)지정개발자,3852 
서울특별시,양천구,목동14단지아파트,4)조합설립인가,4)재건축(단독주택),6)지정개발자,5123 
서울특별시,양천구,신월7동1구역,4)조합설립인가,1)재개발(주택정비),6)지정개발자,2890 
서울특별시,강남구,개포현대2차아파트,3)추진위구성,3)재건축(공동주택),1)조합,1095 
서울특별시,성북구,석관4,2)정비구역지정,1)재개발(주택정비),1)조합,1530 
서울특별시,구로구,천왕3역세권장기전세주택,3)추진위구성,1)재개발(주택정비),1)조합, 323 
서울특별시,성북구,하월곡1,3)추진위구성,1)재개발(주택정비),1)조합,1990 
서울특별시,영등포구,당산1,3)추진위구성,1)재개발(주택정비),1)조합, 737 
서울특별시,영등포구,영등포대선제분일대1구역제5지구,6)관리처분인가,2)재개발(도시정비),2)토지등소유자, 해당없음 
서울특별시,서대문구,홍은15,4)조합설립인가,1)재개발(주택정비),1)조합,1834 
서울특별시,성북구,종암8,3)추진위구성,1)재개발(주택정비),1)조합, 694 
서울특별시,성북구,종암9,3)추진위구성,1)재개발(주택정비),1)조합, 854 
서울특별시,광진구,자양4동A구역,2)정비구역지정,1)재개발(주택정비),1)조합,2999 
서울특별시,강북구,삼양사거리역세권장기전세주택,2)정비구역지정,2)재개발(도시정비),2)토지등소유자, 630 
서울특별시,노원구,상계동154-3일대,2)정비구역지정,1)재개발(주택정비),1)조합,4591 
서울특별시,용산구,서계통합구역,3)추진위구성,1)재개발(주택정비),1)조합,2691 
서울특별시,도봉구,방학제3구역,2)정비구역지정,1)재개발(주택정비),6)지정개발자,1650 
서울특별시,동작구,상도14,2)정비구역지정,1)재개발(주택정비),6)지정개발자,1191 
서울특별시,동작구,상도15,4)조합설립인가,1)재개발(주택정비),6)지정개발자,3204 
서울특별시,종로구,관수동제3지구,5)사업시행인가,2)재개발(도시정비),2)토지등소유자, 해당없음 
서울특별시,종로구,관수동제8지구,5)사업시행인가,2)재개발(도시정비),2)토지등소유자, 해당없음 
서울특별시,종로구,관수동소단위,2)정비구역지정,2)재개발(도시정비),,0 
서울특별시,종로구,공평구역제3지구,2)정비구역지정,1)재개발(주택정비),2)토지등소유자, 해당없음 
서울특별시,종로구,서린345,5)사업시행인가,2)재개발(도시정비),2)토지등소유자, 해당없음 
서울특별시,영등포구,대림1구역,3)추진위구성,1)재개발(주택정비),1)조합,1026 
서울특별시,동대문구,청량리제9구역,3)추진위구성,1)재개발(주택정비),1)조합, 843 
서울특별시,용산구,청파2,2)정비구역지정,1)재개발(주택정비),1)조합,1905 
서울특별시,관악구,신림7,2)정비구역지정,1)재개발(주택정비),1)조합,1402 
서울특별시,송파구,마천2재정비촉진,2)정비구역지정,1)재개발(주택정비),2)토지등소유자,1729 
서울특별시,중구,남대문로5가구역1지구,2)정비구역지정,2)재개발(도시정비),1)조합, 해당없음 
서울특별시,중구,양동구역제8-1·6지구,6)관리처분인가,2)재개발(도시정비),2)토지등소유자, 해당없음 
서울특별시,영등포구,영진시장(아파트),17)사업시행자지정,2)재개발(도시정비),"4)공공(LH,SH,GH)", 104 
서울특별시,도봉구,방아골,2)정비구역지정,5)주거환경개선,"3)공공(지자체/시장,군수 등)",0 
서울특별시,양천구,목동232번지일대,3)추진위구성,1)재개발(주택정비),1)조합, 586 
서울특별시,양천구,신월5동77번지일대,2)정비구역지정,1)재개발(주택정비),"4)공공(LH,SH,GH)",1241 
서울특별시,양천구,목동7단지아파트,3)추진위구성,3)재건축(공동주택),1)조합,4341 
서울특별시,양천구,목동9단지아파트,4)조합설립인가,3)재건축(공동주택),6)지정개발자,3957 
서울특별시,양천구,목동10단지아파트,4)조합설립인가,3)재건축(공동주택),6)지정개발자,4050 
서울특별시,양천구,목동11단지아파트,4)조합설립인가,3)재건축(공동주택),6)지정개발자,2679 
서울특별시,강북구,번동441-3번지일대,3)추진위구성,1)재개발(주택정비),1)조합, 903 
서울특별시,관악구,미성동건영아파트,4)조합설립인가,3)재건축(공동주택),1)조합, 601 
서울특별시,양천구,신월시영아파트,4)조합설립인가,3)재건축(공동주택),6)지정개발자,3149 
서울특별시,은평구,응암동700번지일대,2)정비구역지정,1)재개발(주택정비),,1456 
서울특별시,은평구,응암동755번지일대,2)정비구역지정,1)재개발(주택정비),,1486 
서울특별시,서대문구,홍제역역세권활성화사업,17)사업시행자지정,2)재개발(도시정비),"3)공공(지자체/시장,군수 등)",1121 
서울특별시,강동구,천호3-1,2)정비구역지정,1)재개발(주택정비),2)토지등소유자, 634 
서울특별시,마포구,마포로1구역제58-1지구,2)정비구역지정,2)재개발(도시정비),,0 
서울특별시,영등포구,"문래동1가A구역8,11지구",2)정비구역지정,2)재개발(도시정비),2)토지등소유자,0 
서울특별시,영등포구,문래동1가A,2)정비구역지정,2)재개발(도시정비),2)토지등소유자,0 
서울특별시,영등포구,문래동1가B,2)정비구역지정,2)재개발(도시정비),2)토지등소유자,0 
서울특별시,영등포구,문래동2가A,2)정비구역지정,2)재개발(도시정비),2)토지등소유자,0 
서울특별시,영등포구,문래동2가B,2)정비구역지정,2)재개발(도시정비),2)토지등소유자,0 
서울특별시,영등포구,문래동2·3가B,2)정비구역지정,2)재개발(도시정비),2)토지등소유자,0 
서울특별시,성동구,마장동382번지일대,3)추진위구성,1)재개발(주택정비),2)토지등소유자, 262 
서울특별시,은평구,독바위역세권,2)정비구역지정,2)재개발(도시정비),2)토지등소유자,1481 
서울특별시,영등포구,문래동2가A4지구,2)정비구역지정,2)재개발(도시정비),2)토지등소유자,0 
서울특별시,은평구,역촌역세권(대조동)장기전세주택,4)조합설립인가,2)재개발(도시정비),1)조합,1302 
서울특별시,중구,세운재정비촉진지구6-1-3구역,3)추진위구성,2)재개발(도시정비),1)조합, 393 
서울특별시,영등포구,여의도은하아파트재건축정비구역,4)조합설립인가,3)재건축(공동주택),6)지정개발자, 672 
서울특별시,영등포구,도림1,2)정비구역지정,1)재개발(주택정비),"4)공공(LH,SH,GH)",2500 
서울특별시,중랑구,면목9구역,17)사업시행자지정,1)재개발(주택정비),"4)공공(LH,SH,GH)",1057 
서울특별시,금천구,독산2구역,3)추진위구성,1)재개발(주택정비),1)조합,2065 
서울특별시,강동구,고덕현대아파트재건축정비사업,3)추진위구성,3)재건축(공동주택),1)조합, 952 
서울특별시,송파구,가락우창아파트재건축정비구역,3)추진위구성,3)재건축(공동주택),1)조합, 471 
서울특별시,강동구,명일신동아아파트재건축정비사업,3)추진위구성,3)재건축(공동주택),1)조합, 947 
서울특별시,종로구,창신동629번지일대,2)정비구역지정,1)재개발(주택정비),6)지정개발자, 해당없음 
서울특별시,종로구,창신동23-606번지일대,2)정비구역지정,1)재개발(주택정비),6)지정개발자, 해당없음 
서울특별시,중랑구,면목8,3)추진위구성,1)재개발(주택정비),1)조합,1260 
서울특별시,서대문구,홍제4구역,3)추진위구성,1)재개발(주택정비),1)조합, 877 
서울특별시,관악구,신림8,3)추진위구성,1)재개발(주택정비),1)조합,2257 
서울특별시,관악구,신림5,2)정비구역지정,1)재개발(주택정비),,3973 
서울특별시,양천구,목동523번지(염창역),2)정비구역지정,2)재개발(도시정비),"4)공공(LH,SH,GH)", 414 
서울특별시,동작구,사당동252-15일대 역세권활성화사업,4)조합설립인가,2)재개발(도시정비),6)지정개발자,0 
서울특별시,은평구,갈현제2구역,2)정비구역지정,1)재개발(주택정비),1)조합, 896 
서울특별시,동작구,사당12구역,3)추진위구성,1)재개발(주택정비),2)토지등소유자, 642 
서울특별시,동작구,사당17구역,3)추진위구성,1)재개발(주택정비),1)조합, 856 
서울특별시,동대문구,용두동39-361,2)정비구역지정,1)재개발(주택정비),1)조합, 695 
서울특별시,강남구,대치미도아파트,2)정비구역지정,3)재건축(공동주택),1)조합,3914 
세종특별자치시,세종특별자치시,신흥주공연립,5)사업시행인가,3)재건축(공동주택),1)조합, 372 
울산광역시,남구,남구B-04,4)조합설립인가,1)재개발(주택정비),1)조합,1484 
울산광역시,남구,남구B-01,2)정비구역지정,1)재개발(주택정비),2)토지등소유자,1165 
울산광역시,남구,남구B-07(동서오거리),4)조합설립인가,1)재개발(주택정비),1)조합, 522 
울산광역시,남구,남구B-08,7)착공,1)재개발(주택정비),1)조합,2033 
울산광역시,남구,남구C-03,3)추진위구성,3)재건축(공동주택),1)조합,1515 
울산광역시,남구,남구B-14,6)관리처분인가,1)재개발(주택정비),1)조합,1529 
울산광역시,동구,동구A-01(일산진지구),7)착공,5)주거환경개선,"3)공공(지자체/시장,군수 등)",0 
울산광역시,중구,중구B-04,6)관리처분인가,1)재개발(주택정비),1)조합,4080 
울산광역시,중구,중구B-15(유곡),2)정비구역지정,1)재개발(주택정비),1)조합,1264 
울산광역시,남구,남구A-01(상개지구),2)정비구역지정,5)주거환경개선,"3)공공(지자체/시장,군수 등)",0 
울산광역시,북구,북구A-02,2)정비구역지정,5)주거환경개선,"3)공공(지자체/시장,군수 등)",0 
울산광역시,울주군,울주A-11,2)정비구역지정,5)주거환경개선,"3)공공(지자체/시장,군수 등)",0 
울산광역시,동구,동구D-01,3)추진위구성,2)재개발(도시정비),1)조합,0 
울산광역시,중구,중구우정1,4)조합설립인가,1)재개발(주택정비),1)조합,1634 
인천광역시,중구,경동,4)조합설립인가,2)재개발(도시정비),1)조합, 999 
인천광역시,중구,경동율목,4)조합설립인가,1)재개발(주택정비),1)조합, 579 
인천광역시,중구,인천여상주변,7)착공,1)재개발(주택정비),1)조합, 686 
인천광역시,중구,송월,4)조합설립인가,1)재개발(주택정비),1)조합, 518 
인천광역시,중구,송월아파트,5)사업시행인가,1)재개발(주택정비),1)조합, 692 
인천광역시,동구,금송,6)관리처분인가,1)재개발(주택정비),1)조합,3965 
인천광역시,동구,서림,6)관리처분인가,1)재개발(주택정비),1)조합, 385 
인천광역시,동구,"송림1,2",6)관리처분인가,1)재개발(주택정비),1)조합,3564 
인천광역시,동구,송림6,7)착공,2)재개발(도시정비),1)조합, 378 
인천광역시,동구,송림4,7)착공,5)주거환경개선,"4)공공(LH,SH,GH)",1198 
인천광역시,동구,"송현1,2차",5)사업시행인가,4)재건축(단독주택),1)조합, 943 
인천광역시,동구,화수화평,5)사업시행인가,1)재개발(주택정비),1)조합,2808 
인천광역시,미추홀구,도화1,6)관리처분인가,1)재개발(주택정비),1)조합,2280 
인천광역시,미추홀구,도화4,7)착공,1)재개발(주택정비),1)조합, 703 
인천광역시,미추홀구,여의,7)착공,1)재개발(주택정비),1)조합,1115 
인천광역시,미추홀구,숭의3,7)착공,1)재개발(주택정비),1)조합, 736 
인천광역시,미추홀구,숭의5,4)조합설립인가,1)재개발(주택정비),1)조합, 550 
인천광역시,미추홀구,전도관,7)착공,1)재개발(주택정비),1)조합,1705 
인천광역시,미추홀구,용현4,5)사업시행인가,1)재개발(주택정비),1)조합, 932 
인천광역시,미추홀구,용마루,7)착공,5)주거환경개선,"4)공공(LH,SH,GH)",4647 
인천광역시,미추홀구,남광로얄아파트,5)사업시행인가,3)재건축(공동주택),1)조합, 711 
인천광역시,미추홀구,학익3,7)착공,1)재개발(주택정비),1)조합,1500 
인천광역시,연수구,송도영남아파트,7)착공,3)재건축(공동주택),1)조합, 652 
인천광역시,남동구,간석성락아파트,7)착공,1)재개발(주택정비),1)조합, 469 
인천광역시,남동구,상인천초교주변,7)착공,1)재개발(주택정비),1)조합,2568 
인천광역시,부평구,산곡재원아파트,6)관리처분인가,3)재건축(공동주택),1)조합, 294 
인천광역시,부평구,삼산대보아파트,7)착공,3)재건축(공동주택),1)조합, 500 
인천광역시,부평구,청천대진아파트,5)사업시행인가,3)재건축(공동주택),1)조합, 401 
인천광역시,부평구,갈산1,6)관리처분인가,1)재개발(주택정비),1)조합,1136 
인천광역시,부평구,부개4,7)착공,1)재개발(주택정비),1)조합,1299 
인천광역시,부평구,부개5,4)조합설립인가,1)재개발(주택정비),1)조합,1829 
인천광역시,부평구,부평2구역,7)착공,1)재개발(주택정비),1)조합,1500 
인천광역시,부평구,부평4,7)착공,1)재개발(주택정비),1)조합,2413 
인천광역시,부평구,신촌,6)관리처분인가,1)재개발(주택정비),1)조합,2297 
인천광역시,부평구,산곡,7)착공,2)재개발(도시정비),1)조합,2475 
인천광역시,부평구,산곡3,4)조합설립인가,1)재개발(주택정비),1)조합, 361 
인천광역시,부평구,산곡7,5)사업시행인가,1)재개발(주택정비),1)조합,1536 
인천광역시,부평구,산곡6,6)관리처분인가,1)재개발(주택정비),1)조합,2706 
인천광역시,부평구,산곡5,5)사업시행인가,1)재개발(주택정비),1)조합,1565 
인천광역시,부평구,십정3,6)관리처분인가,1)재개발(주택정비),1)조합, 761 
인천광역시,부평구,십정5,6)관리처분인가,1)재개발(주택정비),1)조합,1923 
인천광역시,부평구,십정4,6)관리처분인가,1)재개발(주택정비),1)조합, 962 
인천광역시,계양구,작전현대,7)착공,1)재개발(주택정비),1)조합,1370 
인천광역시,계양구,작전우영아파트,6)관리처분인가,4)재건축(단독주택),6)지정개발자, 321 
인천광역시,계양구,효성뉴서울아파트,4)조합설립인가,4)재건축(단독주택),6)지정개발자, 547 
인천광역시,계양구,효성새사미아파트,5)사업시행인가,4)재건축(단독주택),1)조합, 373 
인천광역시,서구,가좌진주1차,4)조합설립인가,3)재건축(공동주택),1)조합, 714 
인천광역시,동구,송희마을,5)사업시행인가,5)주거환경개선,"3)공공(지자체/시장,군수 등)",0 
인천광역시,미추홀구,용일사거리남동측(주환개선),7)착공,5)주거환경개선,"3)공공(지자체/시장,군수 등)",0 
인천광역시,미추홀구,문학동메아리마을,5)사업시행인가,5)주거환경개선,"3)공공(지자체/시장,군수 등)",0 
인천광역시,남동구,남촌동,2)정비구역지정,5)주거환경개선,1)조합,0 
인천광역시,중구,전동웃터골,7)착공,5)주거환경개선,"3)공공(지자체/시장,군수 등)",0 
인천광역시,미추홀구,미추1,7)착공,1)재개발(주택정비),1)조합,1321 
인천광역시,남동구,인수마을,2)정비구역지정,5)주거환경개선,"3)공공(지자체/시장,군수 등)",0 
인천광역시,연수구,청학동,5)사업시행인가,5)주거환경개선,"3)공공(지자체/시장,군수 등)", 해당없음 
인천광역시,서구,석남3동행복마을가꿈사업,7)착공,5)주거환경개선,"3)공공(지자체/시장,군수 등)",0 
인천광역시,연수구,연수1동,5)사업시행인가,5)주거환경개선,"3)공공(지자체/시장,군수 등)", 해당없음 
인천광역시,남동구,남촌동,2)정비구역지정,5)주거환경개선,1)조합,0 
인천광역시,미추홀구,미추8,6)관리처분인가,1)재개발(주택정비),1)조합,2825 
인천광역시,부평구,한양아파트2단지,3)추진위구성,3)재건축(공동주택),1)조합,1118 
인천광역시,남동구,구월3동주거환경개선사업,2)정비구역지정,5)주거환경개선,"3)공공(지자체/시장,군수 등)", 해당없음 
인천광역시,서구,가좌동태화아파트,3)추진위구성,3)재건축(공동주택),1)조합, 297 
인천광역시,미추홀구,주안11구역,4)조합설립인가,2)재개발(도시정비),1)조합,0 
인천광역시,부평구,현대1단지,4)조합설립인가,3)재건축(공동주택),6)지정개발자,3300 
인천광역시,부평구,현대3단지,3)추진위구성,3)재건축(공동주택),1)조합,0 
인천광역시,미추홀구,미추5,3)추진위구성,1)재개발(주택정비),1)조합,2961 
인천광역시,미추홀구,미추6,3)추진위구성,1)재개발(주택정비),1)조합,1811 
인천광역시,계양구,계산극동아파트,3)추진위구성,3)재건축(공동주택),1)조합,0 
전라남도,목포시,북항차관주택,2)정비구역지정,1)재개발(주택정비),1)조합,1785 
전라남도,목포시,서산온금재정비촉진1,5)사업시행인가,1)재개발(주택정비),1)조합, 688 
전라남도,목포시,용해3,5)사업시행인가,1)재개발(주택정비),1)조합,1111 
전라남도,목포시,용해2,4)조합설립인가,3)재건축(공동주택),1)조합, 994 
전라남도,목포시,구용해,6)관리처분인가,3)재건축(공동주택),1)조합, 227 
전라남도,여수시,덕충주공,5)사업시행인가,3)재건축(공동주택),1)조합, 534 
전라남도,순천시,조례주공1·2차,3)추진위구성,3)재건축(공동주택),1)조합, 983 
전북특별자치도,군산시,나운주공3,5)사업시행인가,3)재건축(공동주택),1)조합,1619 
전북특별자치도,군산시,우진신남전,4)조합설립인가,3)재건축(공동주택),1)조합, 703 
전북특별자치도,익산시,세경1차,6)관리처분인가,3)재건축(공동주택),1)조합, 591 
전북특별자치도,익산시,신동청솔,7)착공,3)재건축(공동주택),1)조합, 295 
전북특별자치도,익산시,영등주공1단지,6)관리처분인가,3)재건축(공동주택),1)조합, 607 
전북특별자치도,익산시,평화지구,7)착공,5)주거환경개선,"4)공공(LH,SH,GH)",1382 
전북특별자치도,전주완산구,세경,6)관리처분인가,3)재건축(공동주택),1)조합, 508 
전북특별자치도,전주덕진구,전라중교일원,4)조합설립인가,1)재개발(주택정비),1)조합,1937 
전북특별자치도,전주덕진구,하가,6)관리처분인가,1)재개발(주택정비),1)조합,1989 
전북특별자치도,전주덕진구,송천무지개,3)추진위구성,3)재건축(공동주택),1)조합, 453 
전북특별자치도,전주덕진구,종광대2,6)관리처분인가,1)재개발(주택정비),1)조합, 530 
전북특별자치도,전주완산구,감나무골,7)착공,1)재개발(주택정비),1)조합,1914 
전북특별자치도,전주덕진구,동양아파트인근,7)착공,1)재개발(주택정비),1)조합, 723 
전북특별자치도,전주완산구,병무청인근,4)조합설립인가,1)재개발(주택정비),1)조합,1220 
전북특별자치도,전주완산구,개나리,4)조합설립인가,3)재건축(공동주택),1)조합, 658 
전북특별자치도,전주완산구,삼천주공3,6)관리처분인가,3)재건축(공동주택),1)조합, 602 
전북특별자치도,전주완산구,오성대우,6)관리처분인가,3)재건축(공동주택),1)조합, 420 
전북특별자치도,전주완산구,기자촌,7)착공,1)재개발(주택정비),1)조합,2226 
전북특별자치도,전주완산구,효자주공,6)관리처분인가,3)재건축(공동주택),1)조합,2236 
전북특별자치도,익산시,창인아파트,4)조합설립인가,4)재건축(단독주택),6)지정개발자, 735 
전북특별자치도,익산시,남성아파트,3)추진위구성,3)재건축(공동주택),1)조합, 852 
전북특별자치도,익산시,모현1,3)추진위구성,1)재개발(주택정비),1)조합, 928 
전북특별자치도,군산시,산북주공,3)추진위구성,3)재건축(공동주택),1)조합, 929 
제주특별자치도,서귀포시,하원지구,7)착공,5)주거환경개선,"3)공공(지자체/시장,군수 등)",0 
제주특별자치도,제주시,제원아파트,4)조합설립인가,3)재건축(공동주택),1)조합, 700 
제주특별자치도,제주시,이도주공1단지아파트,6)관리처분인가,3)재건축(공동주택),1)조합, 886 
제주특별자치도,제주시,"이도주공2,3단지아파트",6)관리처분인가,3)재건축(공동주택),1)조합, 867 
제주특별자치도,서귀포시,도순지구,7)착공,5)주거환경개선,"3)공공(지자체/시장,군수 등)",0 
제주특별자치도,제주시,신엄지구,7)착공,5)주거환경개선,"3)공공(지자체/시장,군수 등)", 해당없음 
제주특별자치도,제주시,도두지구,2)정비구역지정,5)주거환경개선,"3)공공(지자체/시장,군수 등)", 해당없음 
제주특별자치도,서귀포시,토평지구,7)착공,5)주거환경개선,"3)공공(지자체/시장,군수 등)", 해당없음 
제주특별자치도,서귀포시,법환지구,7)착공,5)주거환경개선,"3)공공(지자체/시장,군수 등)", 해당없음 
제주특별자치도,서귀포시,중문지구,7)착공,5)주거환경개선,"3)공공(지자체/시장,군수 등)",0 
제주특별자치도,제주시,내도지구,2)정비구역지정,5)주거환경개선,"3)공공(지자체/시장,군수 등)", 해당없음 
충청남도,서천군,군사1리지구,7)착공,5)주거환경개선,"3)공공(지자체/시장,군수 등)",0 
충청남도,아산시,충무,6)관리처분인가,3)재건축(공동주택),1)조합, 159 
충청남도,아산시,온양7촉진구역,3)추진위구성,1)재개발(주택정비),2)토지등소유자,0 
충청남도,천안동남구,구성1,4)조합설립인가,1)재개발(주택정비),1)조합,1056 
충청남도,천안동남구,천안주공4단지,7)착공,3)재건축(공동주택),1)조합,1225 
충청남도,천안동남구,대흥4,6)관리처분인가,2)재개발(도시정비),1)조합,2440 
충청남도,천안동남구,문화3성황,4)조합설립인가,2)재개발(도시정비),6)지정개발자,2748 
충청남도,천안동남구,문화,6)관리처분인가,2)재개발(도시정비),1)조합, 829 
충청남도,천안동남구,봉명3,6)관리처분인가,1)재개발(주택정비),1)조합,1111 
충청남도,천안동남구,부창,7)착공,1)재개발(주택정비),1)조합, 816 
충청남도,천안동남구,사직,6)관리처분인가,2)재개발(도시정비),1)조합, 862 
충청남도,천안동남구,성황·원성,6)관리처분인가,1)재개발(주택정비),1)조합,1684 
충청남도,천안동남구,신부3구역,4)조합설립인가,1)재개발(주택정비),1)조합, 678 
충청남도,천안동남구,원성동,7)착공,4)재건축(단독주택),1)조합,1579 
충청남도,천안서북구,성정B,7)착공,5)주거환경개선,"3)공공(지자체/시장,군수 등)",0 
충청남도,천안서북구,신선,7)착공,5)주거환경개선,"3)공공(지자체/시장,군수 등)",0 
충청남도,태안군,남문지구,2)정비구역지정,5)주거환경개선,"3)공공(지자체/시장,군수 등)", 해당없음 
충청남도,홍성군,오관지구,5)사업시행인가,5)주거환경개선,"4)공공(LH,SH,GH)", 245 
충청남도,천안동남구,성황A,5)사업시행인가,5)주거환경개선,"3)공공(지자체/시장,군수 등)",0 
충청남도,천안동남구,영성A,5)사업시행인가,5)주거환경개선,"3)공공(지자체/시장,군수 등)",0 
충청남도,천안동남구,문화2구역,3)추진위구성,1)재개발(주택정비),1)조합, 495 
충청남도,아산시,용화주공1단지,5)사업시행인가,3)재건축(공동주택),1)조합, 743 
충청남도,천안서북구,목화아파트구역,2)정비구역지정,3)재건축(공동주택),1)조합, 960 
충청남도,서산시,서산읍내동,3)추진위구성,1)재개발(주택정비),1)조합, 842 
충청북도,충주시,용산주공아파트,7)착공,3)재건축(공동주택),1)조합, 847 
충청북도,청주서원구,모충1,6)관리처분인가,1)재개발(주택정비),1)조합, 838 
충청북도,청주서원구,사모1,6)관리처분인가,1)재개발(주택정비),1)조합,2512 
충청북도,청주서원구,사모2,6)관리처분인가,1)재개발(주택정비),1)조합,4148 
충청북도,청주서원구,사직1,7)착공,1)재개발(주택정비),1)조합,2271 
충청북도,청주서원구,사직3,7)착공,1)재개발(주택정비),1)조합,2330 
충청북도,청주서원구,사직4,6)관리처분인가,2)재개발(도시정비),2)토지등소유자,1950 
충청북도,청주서원구,사창제2공구B블럭,6)관리처분인가,3)재건축(공동주택),1)조합, 456 
충청북도,청주흥덕구,운천주공,7)착공,3)재건축(공동주택),1)조합,1618 
충청북도,청주상당구,대성연립,4)조합설립인가,3)재건축(공동주택),1)조합, 368 
충청북도,청주서원구,사창제2공구A블럭,4)조합설립인가,3)재건축(공동주택),1)조합, 334 
충청북도,충주시,교현주공아파트,5)사업시행인가,3)재건축(공동주택),1)조합, 815 
충청북도,제천시,청전시영아파트,4)조합설립인가,3)재건축(공동주택),1)조합,1206 
충청북도,제천시,하소주공1단지,3)추진위구성,3)재건축(공동주택),1)조합, 604 
