순번,정비 구역명,시군구명,법정동명,번,지,지목,지구유형,사업시행방식,시행자 구분,시행단계,정비유형,생활권유형,정비구역 면적(제곱미터),용적률,건폐율,기본계획명,고시번호,고시일
1,미아제11구역 주택재개발정비사업,강북구,미아동,791,108,대,정비(예정)구역,주택정비형재개발,조합(단독),추진위구성,전면,C(대생활권),"35,891",190,60,도시주거환경정비,제2010-490호,2010-12-30
2,미아9-2주택재건축정비구역,강북구,미아동,137,72,대,정비(예정)구역,재건축(단독),조합(단독),조합설립인가,,,"102,847",231,20,,제2009-301호,2009-07-30
3,미아4-1구역주택재건축정비사업,강북구,미아동,8,373,대,정비(예정)구역,재건축(단독),조합(단독),조합설립인가,,,"51,265",197,21,,제2009-307호,2009-08-06
4,미아2재정비촉진구역 주택재개발,강북구,미아동,403,0,대,정비(예정)구역,(촉)재개발,조합(단독),조합설립인가,수복(전면),,"179,566",230,16,도시주거환경정비,제2020-423호,2020-10-22
5,미아3재정비촉진구역 주택재개발정비사업,강북구,미아동,439,0,대,정비(예정)구역,(촉)재개발,조합(단독),조합설립인가,수복(전면),,"57,553",229,25,,제2020-423호,2020-10-22
6,강북5구역 도시환경정비사업,강북구,미아동,61,79,대,정비(예정)구역,(촉)도시환경정비,조합(단독),추진위구성,,,128,589,53,미아균형발전촉진지구 개발,제2014-80호,2014-03-06
7,강북7,강북구,미아동,60,5,대,정비구역이 아닌 구역,(촉)도시환경정비,토지등소유자,정비구역지정,,,"11,526",,,,제2014-81호,2014-03-06
8,방화3재정비촉진구역,강서구,방화동,615,103,대,정비(예정)구역,재건축(단독),조합(단독),조합설립인가,,,"90,383",223,25,,,
9,신안빌라,강서구,마곡동,327,53,대,정비(예정)구역,재건축(공동),조합(단독),조합설립인가,,,"16,400",261,28,신안빌라주택재건축정비사업,서울특별시고시 2012-215,2012-08-09
10,봉천1-1구역주택재건축정비사업,관악구,봉천동,728,57,대,정비(예정)구역,재건축,조합(단독),조합설립인가,,,"34,142",279,23,도시주거환경정비,서울특별시고시 제2000475호,2009-11-26
11,봉천제4-1-3구역 주택재개발정비사업,관악구,봉천동,480,0,대,정비(예정)구역,주택정비형재개발,공동(조합조합이외의자),조합설립인가,전면,,"79,827",270,20,,서울특별시고시 제2011-58호,2011-02-24
12,봉천제13구역 주택재개발정비사업,관악구,봉천동,922,1,대,정비(예정)구역,주택정비형재개발,조합(단독),추진위구성,,,"12,273",283,47,,제2009-537호,2009-12-24
13,봉천제14구역 주택재개발정비사업,관악구,봉천동,1,0,대,정비(예정)구역,주택정비형재개발,조합(단독),조합설립인가,전면,,"74,209",250,22,,서울특별시고시 제2014-222호,2014-06-19
14,신림1재정비촉진구역 주택재개발정비사업,관악구,신림동,808,495,하천,재정비촉진지구,주택정비형재개발,공동(조합조합이외의자),조합설립인가,전면,D(뉴타운),"224,774",225,22,신림 재정비촉진지구 신림1재정비촉진계획,2020-제3580호,2020-04-23
15,신림미성아파트 재건축정비구역,관악구,신림동,1656,0,대,정비(예정)구역,재건축,조합(단독),조합설립인가,,,"16,706",248,21,,제2010-456호,2010-12-16
16,미성동 건영아파트 주택재건축정비사업,관악구,신림동,746,43,대,정비(예정)구역,재건축,조합(단독),조합설립인가,,,"20,789",250,21,,지정고시 2018363호,2018-11-08
17,개봉3재건축정비사업,구로구,고척동,311,14,대,정비(예정)구역,재건축(단독),조합(단독),조합설립인가,,,"116,473",250,23,도시주거환경정비,서울특별시고시 제2010179호,2010-05-13
18,신도림동 293번지 일대 도시환경정비사업,구로구,신도림동,293,0,대,정비(예정)구역,도시정비형재개발,토지등소유자,정비구역지정,,,"196,648",,60이하,,제2012-286호,2012-10-25
19,상계2재정비촉진구역 주택재개발 정비사업,노원구,상계동,111,266,대,재정비촉진지구,(촉)재개발,조합(단독),조합설립인가,,D(뉴타운),"100,842",243,30,,제2008309호,2008-09-11
20,상계5재정비촉진구역,노원구,상계동,109,43,대,재정비촉진지구,(촉)재개발,조합(단독),조합설립인가,,D(뉴타운),"109,970",261,25,,제3124호,2012-08-02
21,제기제4구역 주택재개발정비사업,동대문구,제기동,288,0,대,정비(예정)구역,주택정비형 재개발,조합(단독),사업시행인가,전면,C(대생활권),"33,486",250,30,도시주거환경정비,서울특별시 동대문구고시 제201050호,2010-07-15
22,제기제6주택재개발 정비구역,동대문구,제기동,120,104,대,정비(예정)구역,주택정비형 재개발,공동(조합조합이외의자),사업시행계획인가,전면,C(대생활권),"24,321",244,25,도시주거환경정비,서울특별시고시 제200957호,2009-02-12
23,청량리제6주택재개발정비구역,동대문구,청량리동,205,0,대,정비(예정)구역,주택정비형 재개발,조합(단독),조합설립인가,전면,C(대생활권),"83,883",234,25,도시주거환경정비,서울특별시 동대문구 고시 제202025호,2020-03-19
24,신설제1구역 공공재개발 정비사업 주민대표회의,동대문구,신설동,92,5,대,정비(예정)구역,주택정비형 재개발,주택공사등,사업시행자(LH) 지정,,,"11,204",219,23,도시주거환경정비,서울특별시고시 제2008383호,2008-10-30
25,청량리제8구역 주택재개발정비사업,동대문구,청량리동,435,0,대,정비(예정)구역,주택정비형 재개발,조합(단독),조합설립인가,전면,B(중생활권),"29,314",247,16,도시주거환경정비,서울특별시고시 제201113호,2011-01-13
26,전농8구역추진위원회,동대문구,전농동,204,0,대,뉴타운지구,(촉)재개발,조합(단독),추진위구성,전면,,"93,697",230,20,,서울특별시고시 제2008233호,2008-07-10
27,이문4재정비촉진구역,동대문구,이문동,86,1,대,재정비촉진지구,(촉)재개발,조합(단독),조합설립인가,,,"151,388",317,35,,서울특별시고시 제20099호,2009-03-12
28,전농 재정비촉진구역,동대문구,전농동,494,0,대,균형발전촉진지구,(촉)도시환경정비,조합(단독),조합설립인가,,,"27,623",745,59,,서울특별시고시 제201240호,2012-02-23
29,청량리재정비촉진지구 용두1구역 도시정비형재개발사업,동대문구,용두동,26,0,대,균형발전촉진지구,(촉)도시환경정비,조합(단독),사업시행계획인가,전면,,51707,,,,제2007-129호,2007-05-17
30,전농12주택재개발정비구역,동대문구,전농동,643,0,대,정비(예정)구역,(촉)재개발,조합(단독),추진위구성,전면,,"16,237",240,24,도시주거환경정비,제2021-589호,2021-10-21
31,용두-01,동대문구,용두동,92,1,대,정비(예정)구역,도시정비형 재개발,토지등소유자,정비구역지정,,,"4,068",,,,,
32,용두-02,동대문구,용두동,90,1,대,정비(예정)구역,도시정비형 재개발,토지등소유자,정비구역지정,,,"4,378",,,,,
33,용두-06,동대문구,용두동,52,1,대,정비(예정)구역,도시정비형 재개발,조합(단독),추진위구성,,,"2,281",,,,,
34,용두제7 도시환경정비사업구역,동대문구,용두동,53,6,대,정비(예정)구역,도시정비형 재개발,조합(단독),추진위구성,,,"2,933",486,46,,서울특별시 제2001215호,2001-06-28
35,용두-08,동대문구,용두동,45,1,대,정비(예정)구역,도시정비형 재개발,토지등소유자,정비구역지정,,,"4,729",,,,,
36,장안현대아파트,동대문구,장안동,95,1,대,정비(예정)구역,재건축(공동),토지등소유자,사업시행인가,,,"25,244",300,,,,
37,흑석1 재정비촉진구역 주택재개발정비사업,동작구,흑석동,103,1,하천,재정비촉진지구,(촉)재개발,조합(단독),추진위구성,전면,C(대생활권),"26,675",,,,서울특별시고시 제2008307호,2008-09-11
38,흑석2재정비촉진구역 재개발정비사업,동작구,흑석동,99,3,도로,재정비촉진지구,(촉)도시환경정비,주택공사등,주민대표회의구성통지,,,"45,229",400,54,,서울특별시고시 제2008307호,2008-09-11
39,흑석11 재정비촉진구역 주택재개발정비사업,동작구,흑석동,304,0,도로,정비(예정)구역,(촉)재개발,조합(단독),조합설립인가,전면,C(대생활권),"86,529",227,35,,서울특별시고시 제2012196호,201207-26
40,노량진1재정비촉진구역,동작구,노량진동,278,2,대,재정비촉진지구,(촉)재개발,조합(단독),조합설립인가,전면,,"132,132",264,27,,서울특별시고시 제2020216,2020-05-28
41,노량진3재정비촉진구역,동작구,노량진동,232,19,대,재정비촉진지구,(촉)재개발,조합(단독),사업시행인가,전면,,"73,068",241,22,도시주거환경정비,서울특별시고시 제2020-398호,2020-09-24
42,노량진5 재정비촉진구역 주택재개발정비사업조합,동작구,노량진동,270,3,대,재정비촉진지구,(촉)재개발,조합(단독),사업시행인가,,,"38,017",271,19,,제2009503호,2009-12-10
43,신대방역세권 도시정비형 재개발정비사업,동작구,신대방동,600,14,대,정비(예정)구역,도시정비형 재개발,조합(단독),추진위구성,전면,,587,334,31,,서울특별시고시 제2015213호,2015-07-23
44,공덕 제6주택재개발정비구역,마포구,공덕동,119,0,대,정비(예정)구역,주택정비형재개발,조합(단독),조합설립인가,전면,B(중생활권),"11,326",235,27,도시주거환경정비,제2018-433호,2019-01-03
45,가재울7재정비촉진구역,서대문구,북가좌동,80,0,대,재정비촉진지구,(촉)재개발,조합(단독),추진위구성,,,"78,640",255,50,가재울재정비촉진계획,제2012-144호,2012-06-07
46,가재울9재정비촉진구역(좌원상가 도시재생 인정사업),서대문구,남가좌동,295,5,대,정비(예정)구역,(촉)도시정비형,주택공사등,정비구역지정,,,"3,007",,,,서울특별시 고시 제2021-214호,2021-05-06
47,홍은5주택재건축정비구역,서대문구,홍은동,277,45,대,정비(예정)구역,재건축(단독),조합(단독),조합설립인가,,,"34,817",252,24,도시주거환경정비,서울특별시고시 제2009-202호,2009-05-21
48,북가좌제6구역 주택재건축정비구업,서대문구,북가좌동,372,1,대,정비(예정)구역,재건축(단독),조합(단독),조합설립인가,,,"104,656",250,35,도시주거환경정비,서울특별시고시 제2014-202호,2014-05-29
49,마포로4-01,서대문구,북아현동,883,0,대,정비(예정)구역,(촉)도시환경정비,조합(단독),정비구역지정,,,"2,815",,,2025 서울시 도시 및 주거환경정비기본계획,,
50,마포로4-02,서대문구,북아현동,784,0,대,정비(예정)구역,(촉)도시환경정비,조합(단독),정비구역지정,,,"2,250",,,2025 서울시 도시 및 주거환경정비기본계획,,
51,마포로4-05,서대문구,충정로3가,190,5,대,정비(예정)구역,도시정비형재개발,조합(단독),정비구역지정,,,"2,805",,,2025 서울시 도시 및 주거환경정비기본계획,,
52,마포로4-07,서대문구,충정로2가,78,0,대,정비(예정)구역,도시정비형재개발,조합(단독),정비구역지정,,,"5,455",,,2025 서울시 도시 및 주거환경정비기본계획,,
53,미포로5구역제2지구도시환경정비사업,서대문구,충정로3가,250,70,대,정비(예정)구역,도시정비형재개발,조합(단독),추진위구성,,,"4,566",526,60,2025 서울시 도시 및 주거환경정비기본계획,서울특별시고시 2009242호,2009-06-18
54,마포로5-03,서대문구,충정로3가,360,25,대,정비(예정)구역,도시정비형재개발,조합(단독),정비구역지정,,,"1,971",,,2025 서울시 도시 및 주거환경정비기본계획,,
55,마포로5-04,서대문구,충정로3가,368,2,대,정비(예정)구역,도시정비형재개발,토지등소유자,정비구역지정,,,"3,748",,,2025 서울시 도시 및 주거환경정비기본계획,,
56,마포로5-08,서대문구,합동,21,1,종교용지,정비(예정)구역,도시정비형재개발,조합(단독),정비구역지정,,,"3,775",,,2025 서울시 도시 및 주거환경정비기본계획,,
57,신촌지역(서대문)1-1,서대문구,창천동,30,10,대,정비(예정)구역,도시정비형재개발,토지등소유자,정비구역지정,,,683,600,60,2025 서울시 도시 및 주거환경정비기본계획,서울특별시 고시 제2021-357호,2021-07-15
58,신촌지역(서대문)1-2,서대문구,창천동,30,8,대,정비(예정)구역,도시정비형재개발,토지등소유자,정비구역지정,,,"1,406.70",600,60,2025 서울시 도시 및 주거환경정비기본계획,서울특별시 고시 제2021-357호,2021-07-15
59,신촌지역(서대문)2-1,서대문구,창천동,18,46,대,정비(예정)구역,도시정비형재개발,토지등소유자,정비구역지정,,,372,600,60,2025 서울시 도시 및 주거환경정비기본계획,서울특별시 고시 제2021-357호,2021-07-15
60,신촌지역(서대문)2-2,서대문구,창천동,18,36,대,정비(예정)구역,도시정비형재개발,토지등소유자,정비구역지정,,,"1,556.90",600,60,2025 서울시 도시 및 주거환경정비기본계획,서울특별시 고시 제2021-357호,2021-07-15
61,신촌지역(서대문)2-3,서대문구,창천동,18,49,대,정비(예정)구역,도시정비형재개발,토지등소유자,정비구역지정,,,580,600,60,2025 서울시 도시 및 주거환경정비기본계획,서울특별시 고시 제2021-357호,2021-07-15
62,홍제2재정비촉진구역,서대문구,홍제동,294,50,대,정비(예정)구역,(촉)도시정비형,조합(단독),조합설립인가,,,"3,069",,,,서울특별시 고시 제2017-477호,2017-12-28
63,홍제3존치정비구역,서대문구,홍제동,306,2,대,정비(예정)구역,(촉)도시정비형,조합(단독),추진위구성,,,"6,506",,,,서울특별시 고시 제2010-452호,2010-12-16
64,방배7구역 주택재건축정비사업,서초구,방배동,891,3,대,정비(예정)구역,재건축(단독),조합(단독),조합설립인가,,,"17,560",230,27,도시주거환경정비 기본계획,서울특별시 서초구 고시 제201783호,2017-07-20
65,성수1구역 주택재건축 정비사업구역,성동구,성수동1가,656,1267,잡종지,정비(예정)구역,재건축(단독),조합(단독),조합설립인가,,,"13,122.50",238,29,도시 및 주거환경정비 기본계획,서울시 고시 제2006-95호,2006-03-23
66,성수전략정비구역 제1지구,성동구,성수동1가,72,10,대,정비구역이 아닌 구역,주택정비형재개발,조합(단독),조합설립인가,,,"194,398",309,21,성수전략정비구역 제1종지구단위계획,서울시 고시 제2011-49호,2011-02-17
67,성수전략정비구역 제2지구 주택재개발정비구역,성동구,성수동2가,506,0,대,정비구역이 아닌 구역,주택정비형재개발,조합(단독),조합설립인가,,,"131,980",317,18,성수전략정비구역 제1종지구단위계획,서울시 고시 제2011-49호,2011-02-17
68,성수전략정비구역 제3지구,성동구,성수동2가,572,7,대,정비구역이 아닌 구역,주택정비형재개발,조합(단독),조합설립인가,,,"114,193",317,18,성수전략정비구역 제1종지구단위계획,서울시 고시 제2011-49호,2011-02-17
69,성수전략정비구역 제4지구,성동구,성수동2가,219,4,대,정비구역이 아닌 구역,주택정비형재개발,조합(단독),조합설립인가,,,"89,828",315,21,성수전략정비구역 제1종지구단위계획,서울시 고시 제2011-49호,2011-02-17
70,응봉1주택재건축정비사업,성동구,응봉동,193,162,대,정비(예정)구역,재건축(단독),조합(단독),조합설립인가,,,"35,587",218,30,도시 및 주거환경정비 기본계획,서울특별시고시 제2006-95호,2006-03-23
71,장안평 중고차매매센터 재개발정비구역,성동구,안암동2가,234,0,대,정비(예정)구역,도시정비형재개발,조합(단독),조합설립인가,,,"29,884",600,60,,서울특별시고시 제20189호,2018-01-11
72,안암제2구역주택재개발정비사업조합,성북구,안암동3가,132,17,대,정비(예정)구역,재개발(주택),조합(단독),조합설립인가,수복(전면),A(소생활권),"11,189",192,25,도시주거환경정비 기본계획,제2008-276호,2008-08-14
73,길음시장,성북구,길음동,535,8,대,재정비촉진지구,시장정비사업,조합(단독),조합설립인가,수복(전면),D(뉴타운),"10,470",394,60,,제2020-394호,2020-09-24
74,길음5재정비촉진구역,성북구,정릉동,175,0,대,재정비촉진지구,재개발(주택),조합(단독),조합설립인가,수복(전면),D(뉴타운),"35,388",250,16,,구역지정 고시문 2010128,2010-04-08
75,돈암제6 주택재개발정비구역,성북구,돈암동,48,29,대,정비(예정)구역,재개발(주택),조합(단독),조합설립인가,수복(전면),A(소생활권),"47,050",265,24,도시주거환경정비 기본계획,서울특별시고시 제2011-343호,2011-11-24
76,동소문제2구역 주택재개발정비사업,성북구,동소문동2가,33,0,대,정비(예정)구역,재개발(주택),조합(단독),조합설립인가,,,"20,657",337,37,,구역지정 고시문 2002135,2002-04-23
77,성북제2구역주택재개발정비사업,성북구,성북동,226,103,임야,정비(예정)구역,재개발(주택),조합(단독),조합설립인가,,,"74,754",90,39,도시주거환경정비 기본계획,구역지정 고시문 2011237,2011-08-18
78,신길음1구역 재개발정비사업,성북구,길음동,31,1,대,재정비촉진지구,재개발(주택),조합(단독),조합설립인가,수복(전면),D(뉴타운),"8,390",667,56,,구역지정 고시문 2010138,2010-04-15
79,장위14구역 주택재개발정비사업조합,성북구,장위동,233,552,대,재정비촉진지구,재개발(주택),조합(단독),조합설립인가,,,"144,201",204,21,,최초구역지정고시 및 변경고시문 2008111,2008-04-03
80,장위15구역 주택재개발정비사업,성북구,장위동,233,42,대,재정비촉진지구,재개발(주택),조합(단독),추진위구성,,,"189,450",236,60,,구역지정 고시문 2008111,2008-04-03
81,장위3구역주택재개발정비사업조합,성북구,장위동,305,0,대,재정비촉진지구,재개발(주택),조합(단독),조합설립인가,수복(전면),,"66,011",230,14,도시주거환경정비 기본계획,제2021-306호,2021-07-01
82,정릉3동 주택재개발,성북구,정릉동,757,0,대,정비구역이 아닌 구역,재개발(주택),조합(단독),조합설립인가,,,"203,965",109,41,,서울특별시 고시 제2012179호,2012-08-02
83,마천시장,송파구,마천동,140,3,대,재정비촉진지구,(촉)재개발,조합(단독),추진위구성,,,"9,757",400이하,60이하,,제2021-31호,2021-01-21
84,마천1재정비촉진구역 주택재개발정비사업,송파구,마천동,194,1,대,재정비촉진지구,(촉)재개발,조합(단독),추진위구성,전면,,"184,498",218,26,,서울특별시고시 제20206호,2020-01-02
85,마천3구역 존치정비구역,송파구,마천동,283,0,대,재정비촉진지구,(촉)재개발,조합(단독),조합설립인가,전면,,"133,830",270,30,,서울특별시고시 제2017196호,2017-06-01
86,신정3재정비촉진구역3-1구역,양천구,신정동,1190,1,대,재정비촉진+뉴타운지구,(촉)도시환경정비,조합(단독),추진위구성,전면,D(뉴타운),"20,537",530,60,,서울특별시고시 제2010-290호,2010-08-05
87,신정3재정비촉진구역3-2구역,양천구,신정동,1182,1,대,재정비촉진+뉴타운지구,(촉)도시환경정비,조합(단독),추진위구성,전면,D(뉴타운),"15,047",530,60,,서울특별시고시 제2010-290호,2010-08-25
88,신정4재정비촉진구역,양천구,신정동,1200,1,대,재정비촉진+뉴타운지구,(촉)재건축,조합(단독),조합설립인가,전면,D(뉴타운),"80,820",243,20,,서울특별시고시 제2017-306호,2017-08-17
89,신길13재정비촉진구역,영등포구,신길동,340,1,대,재정비촉진지구,(촉)재건축,조합(단독),조합설립인가,,,"15,120",249,21,도시주거환경정비 기본계획,제2020-290호,2020-07-09
90,영등포1의2재정비촉진구역 도시환경정비사업,영등포구,영등포동7가,76,5,대,재정비촉진지구,(촉)재개발,조합(단독),조합설립인가,전면,D(뉴타운),"5,392",610,52,영등포뉴타운지구 개발기본계획,제2021-55호,2021-02-04
91,영등포1-11 도시환경정비구역,영등포구,영등포동5가,30,0,대,재정비촉진지구,(촉)재개발,조합(단독),조합설립인가,전면,D(뉴타운),"17,392",770,55,영등포뉴타운지구 개발기본계획,제2021-55호,2021-02-04
92,영등포1-12 재정비촉진구역,영등포구,영등포동5가,22,3,대,재정비촉진지구,(촉)재개발,조합(단독),조합설립인가,전면,D(뉴타운),"16,256",750,59,영등포뉴타운지구 개발기본계획,제2021-55호,2021-02-04
93,영등포1-14 재정비촉진구역,영등포구,영등포동5가,34,16,대,재정비촉진지구,(촉)재개발,조합(단독),정비구역지정,전면,D(뉴타운),"11,660",380,55,영등포뉴타운지구 개발기본계획,제2021-55호,2021-02-04
94,양평제14구역 도시환경정비사업,영등포구,양평동2가,29,6,대,정비(예정)구역,도시정비형재개발,조합(단독),추진위구성,수복(전면),,"11,082",,,,서울특별시고시 제2013368호,2013-11-07
95,양평동 신동아아파트 재건축정비사업,영등포구,양평동1가,20,0,대,정비(예정)구역,재건축(공동),조합(단독),조합설립인가,,,"20,619",300,,,,
96,유원제일2차아파트,영등포구,당산동5가,7,2,대,정비(예정)구역,재건축(공동),조합(단독),조합설립인가,,,"28,654",299,,,,
97,문래동1·2가 도시환경정비구역,영등포구,문래동1가,70,1,공장용지,정비(예정)구역,도시정비형재개발,토지등소유자,정비구역지정,수복,A(소생활권),"96,329",400,60,도시주거환경정비 기본계획,서울특별시 고시 제2013-217호,2013-07-11
98,문래동2·3가 도시환경정비사업,영등포구,문래동2가,14,84,대,정비(예정)구역,도시정비형재개발,토지등소유자,정비구역지정,수복,A(소생활권),"89,056",400,60,도시주거환경정비 기본계획,서울특별시 고시 제2013-217호,2013-07-11
99,문래동4가 도시환경정비구역,영등포구,문래동4가,23,6,대,정비(예정)구역,도시정비형재개발,조합(단독),추진위구성,수복,A(소생활권),"94,087",400,60,도시주거환경정비 기본계획,서울특별시 고시 제2013-217호,2013-07-11
100,신길제2구역,영등포구,신길동,190,0,대,정비(예정)구역,주택정비형재개발,조합(단독),조합설립인가,,,"116,898",226,20,,제2009-318호,2009-08-20
101,신길10 재정비촉진구역,영등포구,신길동,3590,0,대,재정비촉진지구,재건축(주택),주택공사등,사업시행인가,,,"32,134",299,33,도시주거환경정비 기본계획,제2020-290호,2020-07-09
102,후암동제1구역 주택재건축정비사업,용산구,후암동,142,4,대,정비(예정)구역,재건축(단독),토지등소유자,추진위원회승인,,,"100,000",,,도시주거환경정비 기본계획,,
103,이촌동제1구역 주택재건축정비사업,용산구,이촌동,199,0,대,정비(예정)구역,재건축(단독),토지등소유자,추진위원회승인,,,"23,544",,,도시관리계획[용산지구단위계획구역(서부이촌동 일대),,
104,신동아아파트 주택재건축정비사업,용산구,서빙고동,241,21,대,정비(예정)구역,재건축(공동),조합(단독),조합설립인가,,,"113,571",,,,,
105,한남4재정비촉진구역,용산구,보광동,360,0,대,재정비촉진지구,(촉)재개발,조합(단독),조합설립인가,전면,D(뉴타운),"162,030",210,60,,제2021-696호,2021-12-16
106,한남5재정비촉진구역,용산구,동빙고동,60,0,대,재정비촉진지구,(촉)재개발,조합(단독),조합설립인가,전면,D(뉴타운),"183,707",219,60,,제2021-696호,2021-12-16
107,청파제1구역주택재개발정비사업조합설립추진위원회,용산구,청파제2동,11,1,대,정비(예정)구역,주택정비형재개발,조합(단독),추진위구성,,,"32,257",250,25,,,
108,용산역전면 제1-2구역 도시정비형 재개발사업,용산구,한강로3가,40,712,대,정비(예정)구역,도시정비형재개발,조합(단독),추진위구성,,,"14,578",957이하,50이하,,제2015-339호,2015-10-29
109,한강로도시환경정비사업,용산구,한강로1가,158,0,대,정비(예정)구역,도시정비형재개발,조합(단독),조합설립인가,,,"41,744",448,23,,제2011-299호,2011-10-13
110,신용산역북측 제1구역 도시정비형 재개발사업,용산구,한강로2가,2,116,대,정비(예정)구역,도시정비형재개발,조합(단독),조합설립인가,,,"14,057",854,51,,제2015-201호,2015-07-09
111,정비창전면 제1구역 도시환경정비사업,용산구,한강로3가,40,641,대,정비(예정)구역,도시정비형재개발,조합(단독),추진위구성,,,"71,901",800,59,,제2018-100호,2018-06-04
112,정비창전면 제3구역 도시정비형 재개발사업,용산구,한강로3가,40,19,대,정비(예정)구역,도시정비형재개발,조합(단독),추진위구성,,,"5,805",960,60,용산 제1종지구단위계획,제2018-100호,2018-04-05
113,신당9,중구,신당동,432,1008,대,정비(예정)구역,주택정비형재개발,조합(단독),조합설립인가,전면,A(소생활권),"18,653",170,60,서울특별시 도시·주거환경정비기본계획(주택재개발사업부문),제2004-204호,2004-06-25
114,남대문-03,중구,남창동,281,24,대,정비(예정)구역,도시정비형재개발,토지등소유자,정비구역지정,,,"4,869",460,,,,
115,남대문-11,중구,남대문로4가,202,4,대,정비(예정)구역,도시정비형재개발,토지등소유자,정비구역지정,,,"3,681",,,,,
116,남대문-13,중구,남창동,30,0,대,정비(예정)구역,도시정비형재개발,토지등소유자,정비구역지정,,,"2,507",,,,,
117,남대문-14,중구,남대문로4가,3,3,대,정비(예정)구역,도시정비형재개발,토지등소유자,정비구역지정,,,"2,680",,,,,
118,남대문-15,중구,남대문로4가,20,1,대,정비(예정)구역,도시정비형재개발,토지등소유자,정비구역지정,,,"2,349",,,,,
119,무교다동-5,중구,무교동,28,0,대,정비(예정)구역,도시정비형재개발,토지등소유자,정비구역지정,,,"3,366",,,,,
120,무교다동-8,중구,무교동,12,1,대,정비(예정)구역,도시정비형재개발,토지등소유자,정비구역지정,,,"1,386",569,,,,
121,무교다동-15,중구,다동,169,0,대,정비(예정)구역,도시정비형재개발,토지등소유자,정비구역지정,,,"2,241",670,,,,
122,무교다동-23,중구,다동,125,0,대,정비(예정)구역,도시정비형재개발,토지등소유자,정비구역지정,,,"1,330",670,,,,
123,무교다동-24,중구,다동,124,0,대,정비(예정)구역,도시정비형재개발,토지등소유자,정비구역지정,,,"1,353",679,,,,
124,무교다동-30,중구,을지로1가,32,0,대,정비(예정)구역,도시정비형재개발,토지등소유자,정비구역지정,,,595,135,,,,
125,마포로5-09-1,중구,순화동,6,10,대,정비(예정)구역,도시정비형재개발,토지등소유자,정비구역지정,,,"2,323",,,,,
126,마포로5-10,중구,중림동,624,0,대,정비(예정)구역,도시정비형재개발,토지등소유자,정비구역지정,,,"8,646",500,,,,
127,마포로5-11,중구,중림동,156,106,대,정비(예정)구역,도시정비형재개발,토지등소유자,정비구역지정,,,"2,416",500,,,,
128,명동-02,중구,을지로2가,163,3,대,정비(예정)구역,도시정비형재개발,토지등소유자,정비구역지정,,,"3,698",1109이하,60이하,,제2020-487호,2020-11-26
129,서-서12-02-2,중구,의주로1가,29,3,대,정비(예정)구역,도시정비형재개발,토지등소유자,정비구역지정,,,"3,017",495,,,,
130,서소문-01-1,중구,서소문동,103,0,대,정비(예정)구역,도시정비형재개발,토지등소유자,정비구역지정,,,"2,850",800,60이하,,제2020-233호,2020-06-04
131,서소문-08-1,중구,서소문동,120,14,대,정비(예정)구역,도시정비형재개발,토지등소유자,정비구역지정,,,628,800,60이하,,제2020-233호,2020-06-04
132,서소문-08-3,중구,서소문동,120,12,대,정비(예정)구역,도시정비형재개발,토지등소유자,정비구역지정,,,803,800,60이하,,제2020-233호,2020-06-04
133,서소문-08-4,중구,서소문동,120,35,대,정비(예정)구역,도시정비형재개발,토지등소유자,정비구역지정,,,662,800,60이하,,제2020-233호,2020-06-04
134,서소문-09,중구,서소문동,120,23,대,정비(예정)구역,도시정비형재개발,토지등소유자,정비구역지정,,,"4,269",800,60이하,,제2020-233호,2020-06-04
135,서소문-10,중구,서소문동,58,7,대,정비(예정)구역,도시정비형재개발,토지등소유자,정비구역지정,,,"2,687",800,60이하,,제2020-233호,2020-06-04
136,서소문-11-1,중구,서소문동,58,9,대,정비(예정)구역,도시정비형재개발,토지등소유자,정비구역지정,,,"4,638.50",970이하,60이하,,제2020-233호,2020-06-04
137,서소문-11-2,중구,서소문동,58,10,대,정비(예정)구역,도시정비형재개발,토지등소유자,정비구역지정,,,"1,649",800,60이하,,제2020-233호,2020-06-04
138,서소문-12-1,중구,서소문동,58,13,대,정비(예정)구역,도시정비형재개발,토지등소유자,정비구역지정,,,"1,213",969이하,60이하,,제2020-233호,2020-06-04
139,서소문-12-2,중구,서소문동,58,12,대,정비(예정)구역,도시정비형재개발,토지등소유자,정비구역지정,,,"1,015",800,60이하,,제2020-233호,2020-06-04
140,서소문-15,중구,서소문동,60,1,대,정비(예정)구역,도시정비형재개발,토지등소유자,정비구역지정,,,"1,170",800,60이하,,제2020-233호,2020-06-04
141,서소문-16,중구,서소문동,75,2,대,정비(예정)구역,도시정비형재개발,토지등소유자,정비구역지정,,,"1,006.60",800,60이하,,제2020-233호,2020-06-04
142,소공4-01,중구,소공동,81,0,대,정비(예정)구역,도시정비형재개발,토지등소유자,정비구역지정,,,"1,517",625,,,,
143,소공4-02,중구,소공동,76,0,대,정비(예정)구역,도시정비형재개발,토지등소유자,정비구역지정,,,"1,521",,,,,
144,순화-01-2,중구,순화동,5,1,대,정비(예정)구역,도시정비형재개발,토지등소유자,정비구역지정,,,"1,980",625이하,60이하,,제2019-333호,2019-10-04
145,양동-08-02,중구,남대문로5가,535,0,대,정비(예정)구역,도시정비형재개발,토지등소유자,정비구역지정,,,"1,676",(기준)600(허용)800(상한),60이하,,제2020-32호,2020-01-16
146,양동-10,중구,남대문로5가,544,0,대,정비(예정)구역,도시정비형재개발,토지등소유자,정비구역지정,,,"2,099",(기준)600(허용)800(상한),60이하,,제2020-32호,2020-01-16
147,을지로2가 1-3-6-18,중구,삼각동,66,1,대,정비(예정)구역,도시정비형재개발,토지등소유자,정비구역지정,,,"13,711",800,60이하,,제2021-79호,2021-02-15
148,을지로3가-1,중구,수표동,56,9,대,정비(예정)구역,도시정비형재개발,토지등소유자,정비구역지정,,,"2,230",(기준)600(허용)800이하,60이하,,제2016-310호,2016-10-06
149,을지로3가-2,중구,수표동,56,1,대,정비(예정)구역,도시정비형재개발,토지등소유자,정비구역지정,,,"1,646",(기준)600(허용)800이하,60이하,,제2016-310호,2016-10-06
150,을지로3가-3,중구,을지로1가,101,1,대,정비(예정)구역,도시정비형재개발,토지등소유자,정비구역지정,,,"1,079",(기준)450(허용)720(상한)800,60이하,,제2016-310호,2016-10-06
151,을지로3가-4,중구,을지로1가,101,2,도로,정비(예정)구역,도시정비형재개발,토지등소유자,정비구역지정,,,"1,567",(기준)600(허용)800이하,60이하,,제2016-310호,2016-10-06
152,을지로3가-5,중구,수표동,11,4,대,정비(예정)구역,도시정비형재개발,토지등소유자,정비구역지정,,,"1,652",(기준)600(허용)800이하,60이하,,제2016-310호,2016-10-06
153,을지로3가-7,중구,수표동,27,1,대,정비(예정)구역,도시정비형재개발,토지등소유자,정비구역지정,,,"2,013",(기준)600(허용)800이하,60이하,,제2016-310호,2016-10-06
154,을지로3가-8,중구,을지로3가,5,6,대,정비(예정)구역,도시정비형재개발,토지등소유자,정비구역지정,,,"2,000",(기준)600(허용)800이하,60이하,,제2016-310호,2016-10-06
155,을지로3가-9,중구,을지로3가,5,1,대,정비(예정)구역,도시정비형재개발,토지등소유자,정비구역지정,,,"1,620",(기준)600(허용)800이하,60이하,,제2016-310호,2016-10-06
156,을지로3가-10,중구,을지로3가,95,12,대,정비(예정)구역,도시정비형재개발,토지등소유자,정비구역지정,,,"1,917",(기준)600(허용)800이하,60이하,,제2016-310호,2016-10-06
157,을지로3가-11,중구,을지로3가,95,1,대,정비(예정)구역,도시정비형재개발,토지등소유자,정비구역지정,,,"1,357",(기준)600(허용)800이하,60이하,,제2016-310호,2016-10-06
158,을지로3가-12,중구,을지로3가,65,14,대,정비(예정)구역,도시정비형재개발,토지등소유자,정비구역지정,,,"2,846",(기준)600(허용)800이하,60이하,,제2016-310호,2016-10-06
159,을지로3가-13,중구,을지로3가,118,1,대,정비(예정)구역,도시정비형재개발,토지등소유자,정비구역지정,,,"1,576",(기준)600(허용)800이하,60이하,,제2016-310호,2016-10-06
160,봉래-2,중구,봉래동1가,82,0,대,정비(예정)구역,도시정비형재개발,토지등소유자,정비구역지정,,,"3,379",(기준)600(허용)800,60이하,,제2017-311호,2017-08-24
161,봉래-3,중구,봉래동1가,132,4,대,정비(예정)구역,도시정비형재개발,토지등소유자,정비구역지정,,,"4,116",(기준)600(허용)800(상한)949이하,60이하,,제2017-311호,2017-08-24
162,봉래-4,중구,봉래동1가,126,1,대,정비(예정)구역,도시정비형재개발,토지등소유자,정비구역지정,,,677,(기준)600(허용)800,60이하,,제2017-311호,2017-08-24
163,봉래-5,중구,남대문로5가,6,15,대,정비(예정)구역,도시정비형재개발,토지등소유자,정비구역지정,,,940,(기준)600(허용)800,60이하,,제2017-311호,2017-08-24
164,봉래-6,중구,남대문로5가,6,8,대,정비(예정)구역,도시정비형재개발,토지등소유자,정비구역지정,,,935,(기준)600(허용)800,60이하,,제2017-311호,2017-08-24
165,창신4,종로구,창신동,330,1,대,정비(예정)구역,도시정비형재개발,조합(단독),추진위구성,전면,,"11,509",950이하,60이하,,제2014-139호,2014-04-17
166,공평-17,종로구,종로2가,9,0,대,정비(예정)구역,도시정비형재개발,토지등소유자,정비구역지정,전면,,"4,615",(기준)600이하(허용)800이하(상한),60이하,,제2019-327호,2019-09-26
167,공평-18,종로구,인사동,262,0,대,정비(예정)구역,도시정비형재개발,토지등소유자,정비구역지정,전면,,"5,193",(기준)600이하(허용)800이하(상한),60이하,,제2019-327호,2019-09-26
168,신문로 2-12,종로구,신문로1가,158,0,대,정비(예정)구역,도시정비형재개발,주택공사등,정비구역지정,전면,,"1,164",(기준)600이하(허용)800이하(상한),60이하,,제2020-391호,2020-09-17
169,도렴-08-09,종로구,신문로1가,27,5,대,정비(예정)구역,도시정비형재개발,토지등소유자,정비구역지정,전면,,"3,238",(기준)600(허용)700(상한)800이하,60이하,,제2017-159호,2017-05-04
170,도렴-10,종로구,당주동,167,1,대,정비(예정)구역,도시정비형재개발,토지등소유자,정비구역지정,전면,,"2,088",(기준)600(허용)700(상한)800이하,60이하,,제2017-159호,2017-05-04
171,도렴-16,종로구,내수동,1,0,대,정비(예정)구역,도시정비형재개발,토지등소유자,정비구역지정,전면,,"1,085",(기준)600(허용)700(상한)800이하,60이하,,제2017-159호,2017-05-04
172,도렴-17,종로구,내수동,4,0,대,정비(예정)구역,도시정비형재개발,토지등소유자,정비구역지정,전면,,"1,096",(기준)600(허용)700(상한)800이하,60이하,,제2017-159호,2017-05-04
173,서린-04,종로구,서린동,113,0,대,정비(예정)구역,도시정비형재개발,토지등소유자,정비구역지정,전면,,852,615이하,47.8이하,,제1984-472호,1984-08-13
174,서린-05,종로구,서린동,129,0,대,정비(예정)구역,도시정비형재개발,토지등소유자,정비구역지정,전면,,977,600이하,40이하,,제1984-472호,1984-08-13
175,세종로-01,종로구,당주동,19,0,대,정비(예정)구역,도시정비형재개발,토지등소유자,정비구역지정,전면,,"3,100",(기준)600(허용)700(상한)800이하,60이하,,제1996-61호,1996-03-28
176,세종로-03,종로구,세종로,168,0,대,정비(예정)구역,도시정비형재개발,토지등소유자,정비구역지정,전면,,"1,904",(기준)600(허용)700(상한)800이하,50이하,,제1996-61호,1996-03-28
177,세종로-05,종로구,세종로,200,0,대,정비(예정)구역,도시정비형재개발,토지등소유자,정비구역지정,전면,,478,(기준)600(허용)700(상한)800이하,60이하,,제1996-61호,1996-03-28
178,수송 1-1,종로구,수송동,146,1,대,정비(예정)구역,도시정비형재개발,토지등소유자,정비구역지정,전면,,"3,694",(기준)600(허용)700(상한)800이하,60이하,,제2010-485호,2010-12-30
179,수송 1-2,종로구,수송동,146,12,대,정비(예정)구역,도시정비형재개발,토지등소유자,정비구역지정,전면,,"3,612",(기준)600(허용)700(상한)800이하,60이하,,제2010-485호,2010-12-30
180,수송 1-3,종로구,수송동,146,2,대,정비(예정)구역,도시정비형재개발,토지등소유자,정비구역지정,전면,,"8,622",(기준)600(허용)700(상한)800이하,60이하,,제2010-485호,2010-12-30
181,수송 1-7,종로구,수송동,80,0,대,정비(예정)구역,도시정비형재개발,토지등소유자,정비구역지정,전면,,"7,359",(기준)600(허용)700(상한)800이하,60이하,,제2010-485호,2010-12-30
182,수송 1-8,종로구,수송동,80,6,대,정비(예정)구역,도시정비형재개발,토지등소유자,정비구역지정,전면,,"3,433",(기준)600(허용)700(상한)800이하,60이하,,제2010-485호,2010-12-30
183,중학2-2-2,종로구,중학동,40,0,대,정비(예정)구역,도시정비형재개발,토지등소유자,정비구역지정,전면,,913,550이하,45이하,,제2006-292호,2006-08-24
184,청진-04,종로구,청진동,250,0,대,정비(예정)구역,도시정비형재개발,토지등소유자,정비구역지정,전면,,"2,429",800이하,50이하,,제2013-118호,2013-04-18
185,청진-09,종로구,청진동,13,0,대,정비(예정)구역,도시정비형재개발,토지등소유자,정비구역지정,전면,,"2,419",800이하,50이하,,제2013-118호,2013-04-18
186,청진-10,종로구,청진동,30,0,대,정비(예정)구역,도시정비형재개발,토지등소유자,정비구역지정,전면,,"2,005",800이하,50이하,,제2013-118호,2013-04-18
187,청진-11,종로구,청진동,60,0,대,정비(예정)구역,도시정비형재개발,토지등소유자,정비구역지정,전면,,"1,531",800이하,50이하,,제2013-118호,2013-04-18
188,청진-18,종로구,공평동,129,0,대,정비(예정)구역,도시정비형재개발,토지등소유자,정비구역지정,전면,,"1,207",800이하,50이하,,제2013-118호,2013-04-18
189,종로6가,종로구,종로6가,117,0,대,정비(예정)구역,도시정비형재개발,조합(단독),조합설립인가,전면,,"12,556",665이하,60이하,,제2012-135호,2012-05-24
190,내자필운2-1,종로구,내자동,81,0,대,정비(예정)구역,도시정비형재개발,조합(단독),추진위구성,전면,,"20,877",335이하,50이하,,제2011-115호,2011-05-06
191,세운2,종로구,장사동,67,0,대,재정비촉진지구,(촉)도시환경정비,토지등소유자,정비구역지정,전면,,"38,963",600이하,60이하,,제2014-119호,2014-03-27
192,옥인동 47 일대 관리형 주거환경개선사업,종로구,옥인동,47,0,대,정비(예정)구역,주택정비형재개발,시장군수,정비구역지정,,,"30,276",,60이하,,제2021-229호,2021-05-13
193,경복궁서측 주거환경개선사업,종로구,필운동,142,7,도로,정비(예정)구역,주택정비형재개발,시장군수,정비구역지정,,,"582,297",,,,제2016-201호,2016-07-14
194,부암동 성곽마을 주거환경관리사업,종로구,부암동,265,21,대,정비(예정)구역,주거환경개선,시장군수,정비구역지정,,,"98,118",,,"종로구 부암동 성곽마을(창의문 백악,인왕마을) 관리형 주거환경개선사업 정비구역",제2017-269호,2017-07-20
195,행촌권 성곽마을 주거환경관리사업,종로구,행촌동,210,678,대,정비(예정)구역,주거환경개선,시장군수,정비구역지정,,,"141,323",,,,제2017-289호,2017-08-03
196,신영동 너와나우리마을 관리형 주거환경개선사업,종로구,신영동,214,0,대,정비(예정)구역,주거환경개선,토지등소유자,정비구역지정,전면,A(소생활권),"44,071",200이하,60이하,신영동 너와나우리마을 주거환경관리사업,제2018-36호,2018-02-22
197,충신동 성곽마을 관리형 주거환경개선사업,종로구,충신동,1,1,대,정비(예정)구역,주거환경개선,시장군수,정비구역지정,전면,A(소생활권),"29,602",60이하,150이하,충신동 성곽마을 관리형 주거환경개선사업,제2019-89호,2019-03-07
198,이화동 성곽마을 주거환경개선사업,종로구,이화동,9,59,대,정비(예정)구역,주거환경개선,시장군수,정비구역지정,,,"16,882",,,,제2019-98호,2019-03-21
199,혜화명륜 성곽마을 주거환경개선사업,종로구,명륜3가,1,1061,대,정비(예정)구역,주거환경개선,시장군수,정비구역지정,,,"287,743",,,,제2017-110호,2017-03-30
200,상봉9재정비촉진구역,중랑구,상봉동,83,1,대,정비(예정)구역,(촉)도시환경정비,토지등소유자,정비구역지정,전면,,"28,527",738,60,,제2017-174호,2017-05-25
